Company,Year,ESG Category,Indicator,Value_Clean,Unit,Value_Status,Intensity_Revenue,Definition,Reporting Boundary,Assurance Status,Disclosure Status,Comparability,Six Capital,Source,Page
AVI Limited,2021,Governance,Board Composition,30.0,,Reported,,,Group / consolidated - verify,Not identified,Disclosed candidate,Review required,Intellectual Capital,5.-AVI-Company-AFS-2021.pdf,9
AVI Limited,2021,Governance,ESG Assurance,4.0,,Reported,,,Group / consolidated - verify,Assurance mentioned - verify,Disclosed candidate,Review required,Social & Relationship Capital,5.-AVI-Company-AFS-2021.pdf,4
AVI Limited,2021,Social,Employees,3.0,%,Reported,,,Group / consolidated - verify,Not identified,Disclosed candidate,Review required,Human Capital,5.-AVI-Company-AFS-2021.pdf,7
AVI Limited,2023,Environmental,Energy Consumption,1151.0,MWh,Reported,7.7147e-08,,Not identified,Not identified,Disclosed candidate,Review required,Natural Capital,AVI-Integrated-Annual-Report-June-2023-1.pdf,43
AVI Limited,2023,Environmental,Energy Intensity,302.0,,Reported,,,Not identified,Not identified,ND/NR - verify,Review required,Natural Capital,AVI-Integrated-Annual-Report-June-2023-1.pdf,75
AVI Limited,2023,Environmental,GHG Intensity,305.0,,Reported,,,Not identified,Not identified,ND/NR - verify,Review required,Natural Capital,AVI-Integrated-Annual-Report-June-2023-1.pdf,77
AVI Limited,2023,Environmental,Recycled Waste,46.0,tonnes,Reported,,,Not identified,Not identified,Disclosed candidate,Review required,Natural Capital,AVI-Integrated-Annual-Report-June-2023-1.pdf,78
AVI Limited,2023,Environmental,Scope 1 GHG,304.0,,Reported,2.0376e-08,,Not identified,Not identified,Disclosed candidate,Review required,Natural Capital,AVI-Integrated-Annual-Report-June-2023-1.pdf,77
AVI Limited,2023,Environmental,Scope 2 GHG,40.0,,Reported,2.681e-09,,Not identified,Not identified,ND/NR - verify,Review required,Natural Capital,AVI-Integrated-Annual-Report-June-2023-1.pdf,77
AVI Limited,2023,Environmental,Scope 3 GHG,2.0,,Reported,,,Not identified,Not identified,ND/NR - verify,Review required,Natural Capital,AVI-Integrated-Annual-Report-June-2023-1.pdf,77
AVI Limited,2023,Environmental,Waste,46.0,tonnes,Reported,,,Not identified,Not identified,Disclosed candidate,Review required,Natural Capital,AVI-Integrated-Annual-Report-June-2023-1.pdf,78
AVI Limited,2023,Environmental,Water Consumption,22.0,,Reported,1.475e-09,,Not identified,Not identified,Disclosed candidate,Review required,Natural Capital,AVI-Integrated-Annual-Report-June-2023-1.pdf,44
AVI Limited,2023,Governance,Board Composition,10.0,%,Reported,,,Group / consolidated - verify,Not identified,Disclosed candidate,Review required,Intellectual Capital,AVI-Integrated-Annual-Report-June-2023-1.pdf,186
AVI Limited,2023,Governance,ESG Assurance,100.0,%,Reported,,,Group / consolidated - verify,Assurance mentioned - verify,Disclosed candidate,Review required,Social & Relationship Capital,AVI-Integrated-Annual-Report-June-2023-1.pdf,21
AVI Limited,2023,Governance,Governance Incidents,204.0,,Reported,,,Not identified,Not identified,Disclosed candidate,Review required,Social & Relationship Capital,AVI-Integrated-Annual-Report-June-2023-1.pdf,74
AVI Limited,2023,Governance,Independent Directors,59.0,,Reported,,,South Africa operations - verify,Not identified,Disclosed candidate,Review required,Intellectual Capital,AVI-Integrated-Annual-Report-June-2023-1.pdf,84
AVI Limited,2023,Social,Diversity,82.0,%,Reported,,,Group / consolidated - verify,Not identified,Disclosed candidate,Review required,Human Capital,AVI-Integrated-Annual-Report-June-2023-1.pdf,40
AVI Limited,2023,Social,Employee Turnover,58.0,,Reported,,,Group / consolidated - verify,Not identified,Disclosed candidate,Review required,Human Capital,AVI-Integrated-Annual-Report-June-2023-1.pdf,78
AVI Limited,2023,Social,Employees,3.0,%,Reported,,,Not identified,Not identified,Disclosed candidate,Review required,Human Capital,AVI-Integrated-Annual-Report-June-2023-1.pdf,114
AVI Limited,2023,Social,Fatalities,403.0,,Reported,,,Not identified,Not identified,Disclosed candidate,Review required,Human Capital,AVI-Integrated-Annual-Report-June-2023-1.pdf,80
AVI Limited,2023,Social,Training,46.0,%,Reported,,,South Africa operations - verify,Not identified,Disclosed candidate,Review required,Human Capital,AVI-Integrated-Annual-Report-June-2023-1.pdf,18
AVI Limited,2024,Environmental,Energy Consumption,30.0,%,Reported,1.891e-09,,Not identified,Not identified,Disclosed candidate,Review required,Natural Capital,AVI-Integrated-Annual-Report-June-2024.pdf,44
AVI Limited,2024,Environmental,Energy Intensity,302.0,,Reported,,,Not identified,Not identified,ND/NR - verify,Review required,Natural Capital,AVI-Integrated-Annual-Report-June-2024.pdf,77
AVI Limited,2024,Environmental,GHG Intensity,305.0,,Reported,,,Not identified,Not identified,ND/NR - verify,Review required,Natural Capital,AVI-Integrated-Annual-Report-June-2024.pdf,79
AVI Limited,2024,Environmental,Recycled Waste,47.0,tonnes,Reported,,,Not identified,Not identified,Disclosed candidate,Review required,Natural Capital,AVI-Integrated-Annual-Report-June-2024.pdf,80
AVI Limited,2024,Environmental,Scope 1 GHG,304.0,,Reported,1.9165e-08,,Not identified,Not identified,Disclosed candidate,Review required,Natural Capital,AVI-Integrated-Annual-Report-June-2024.pdf,79
AVI Limited,2024,Environmental,Scope 2 GHG,41.0,,Reported,2.585e-09,,Not identified,Not identified,ND/NR - verify,Review required,Natural Capital,AVI-Integrated-Annual-Report-June-2024.pdf,79
AVI Limited,2024,Environmental,Scope 3 GHG,2.0,,Reported,,,Not identified,Not identified,ND/NR - verify,Review required,Natural Capital,AVI-Integrated-Annual-Report-June-2024.pdf,79
AVI Limited,2024,Environmental,Waste,47.0,tonnes,Reported,,,Not identified,Not identified,Disclosed candidate,Review required,Natural Capital,AVI-Integrated-Annual-Report-June-2024.pdf,80
AVI Limited,2024,Environmental,Water Consumption,10.0,%,Reported,6.3e-10,,Not identified,Not identified,Disclosed candidate,Review required,Natural Capital,AVI-Integrated-Annual-Report-June-2024.pdf,44
AVI Limited,2024,Governance,Board Composition,10.0,%,Reported,,,Group / consolidated - verify,Not identified,Disclosed candidate,Review required,Intellectual Capital,AVI-Integrated-Annual-Report-June-2024.pdf,192
AVI Limited,2024,Governance,ESG Assurance,20.0,%,Reported,,,Group / consolidated - verify,Assurance mentioned - verify,Disclosed candidate,Review required,Social & Relationship Capital,AVI-Integrated-Annual-Report-June-2024.pdf,21
AVI Limited,2024,Governance,Governance Incidents,204.0,,Reported,,,Not identified,Not identified,Disclosed candidate,Review required,Social & Relationship Capital,AVI-Integrated-Annual-Report-June-2024.pdf,76
AVI Limited,2024,Governance,Independent Directors,92.0,%,Reported,,,Not identified,Not identified,Disclosed candidate,Review required,Intellectual Capital,AVI-Integrated-Annual-Report-June-2024.pdf,9
AVI Limited,2024,Social,Diversity,5.0,%,Reported,,,South Africa operations - verify,Not identified,Disclosed candidate,Review required,Human Capital,AVI-Integrated-Annual-Report-June-2024.pdf,39
AVI Limited,2024,Social,Employee Turnover,58.0,,Reported,,,Group / consolidated - verify,Not identified,Disclosed candidate,Review required,Human Capital,AVI-Integrated-Annual-Report-June-2024.pdf,80
AVI Limited,2024,Social,Employees,3.0,%,Reported,,,Not identified,Not identified,Disclosed candidate,Review required,Human Capital,AVI-Integrated-Annual-Report-June-2024.pdf,120
AVI Limited,2024,Social,Fatalities,403.0,,Reported,,,Not identified,Not identified,Disclosed candidate,Review required,Human Capital,AVI-Integrated-Annual-Report-June-2024.pdf,82
AVI Limited,2024,Social,Training,16.0,%,Reported,,,Not identified,Not identified,Disclosed candidate,Review required,Human Capital,AVI-Integrated-Annual-Report-June-2024.pdf,44
AVI Limited,2025,Environmental,Energy Consumption,193.0,%,Reported,1.2046e-08,,Group / consolidated - verify,Not identified,Disclosed candidate,Review required,Natural Capital,AVI Integrated Annual Report - June 2025 (1).pdf,44
AVI Limited,2025,Environmental,Energy Intensity,302.0,,Reported,,,Not identified,Not identified,ND/NR - verify,Review required,Natural Capital,AVI Integrated Annual Report - June 2025 (1).pdf,80
AVI Limited,2025,Environmental,GHG Intensity,2.0,,Reported,,,Not identified,Not identified,ND/NR - verify,Review required,Natural Capital,AVI Integrated Annual Report - June 2025 (1).pdf,82
AVI Limited,2025,Environmental,Recycled Waste,100.0,%,Reported,,,Not identified,Not identified,Disclosed candidate,Review required,Natural Capital,AVI Integrated Annual Report - June 2025 (1).pdf,48
AVI Limited,2025,Environmental,Renewable Energy,193.0,%,Reported,,,Group / consolidated - verify,Not identified,Disclosed candidate,Review required,Natural Capital,AVI Integrated Annual Report - June 2025 (1).pdf,44
AVI Limited,2025,Environmental,Scope 1 GHG,22.0,tonnes,Reported,1.373e-09,,Not identified,Not identified,Disclosed candidate,Review required,Natural Capital,AVI Integrated Annual Report - June 2025 (1).pdf,82
AVI Limited,2025,Environmental,Scope 2 GHG,22.0,tonnes,Reported,1.373e-09,,Not identified,Not identified,ND/NR - verify,Review required,Natural Capital,AVI Integrated Annual Report - June 2025 (1).pdf,82
AVI Limited,2025,Environmental,Scope 3 GHG,22.0,tonnes,Reported,,,Not identified,Not identified,ND/NR - verify,Review required,Natural Capital,AVI Integrated Annual Report - June 2025 (1).pdf,82
AVI Limited,2025,Environmental,Waste,49.0,tonnes,Reported,,,Not identified,Not identified,Disclosed candidate,Review required,Natural Capital,AVI Integrated Annual Report - June 2025 (1).pdf,83
AVI Limited,2025,Environmental,Water Consumption,53.0,,Reported,3.308e-09,,Not identified,Not identified,Disclosed candidate,Review required,Natural Capital,AVI Integrated Annual Report - June 2025 (1).pdf,55
AVI Limited,2025,Governance,Board Composition,10.0,%,Reported,,,Group / consolidated - verify,Not identified,Disclosed candidate,Review required,Intellectual Capital,AVI Integrated Annual Report - June 2025 (1).pdf,202
AVI Limited,2025,Governance,ESG Assurance,100.0,%,Reported,,,Group / consolidated - verify,Assurance mentioned - verify,Disclosed candidate,Review required,Social & Relationship Capital,AVI Integrated Annual Report - June 2025 (1).pdf,21
AVI Limited,2025,Governance,Governance Incidents,77.0,,Reported,,,Not identified,Not identified,Disclosed candidate,Review required,Social & Relationship Capital,AVI Integrated Annual Report - June 2025 (1).pdf,79
AVI Limited,2025,Governance,Independent Directors,62.0,,Reported,,,Not identified,Not identified,Disclosed candidate,Review required,Intellectual Capital,AVI Integrated Annual Report - June 2025 (1).pdf,88
AVI Limited,2025,Social,Diversity,5378.0,%,Reported,,,Group / consolidated - verify,Not identified,Disclosed candidate,Review required,Human Capital,AVI Integrated Annual Report - June 2025 (1).pdf,59
AVI Limited,2025,Social,Employee Turnover,60.0,,Reported,,,Group / consolidated - verify,Not identified,Disclosed candidate,Review required,Human Capital,AVI Integrated Annual Report - June 2025 (1).pdf,83
AVI Limited,2025,Social,Employees,1302.0,employees,Reported,,,Not identified,Not identified,Disclosed candidate,Review required,Human Capital,AVI Integrated Annual Report - June 2025 (1).pdf,141
AVI Limited,2025,Social,Fatalities,77.0,,Reported,,,Not identified,Not identified,Disclosed candidate,Review required,Human Capital,AVI Integrated Annual Report - June 2025 (1).pdf,72
AVI Limited,2025,Social,Training,5.0,%,Reported,,,Not identified,Not identified,Disclosed candidate,Review required,Human Capital,AVI Integrated Annual Report - June 2025 (1).pdf,70
Libstar Holdings Limited,2021,Environmental,Energy Consumption,22.0,,Reported,,,Group / consolidated - verify,Not identified,Disclosed candidate,Review required,Natural Capital,2021-12-31_LBR_Integrated_Report_for_the_year_ended_31_December_2021.pdf,23
Libstar Holdings Limited,2021,Environmental,Recycled Waste,5.0,,Reported,,,Group / consolidated - verify,Not identified,Disclosed candidate,Review required,Natural Capital,2021-12-31_LBR_Integrated_Report_for_the_year_ended_31_December_2021.pdf,37
Libstar Holdings Limited,2021,Environmental,Scope 1 GHG,1.0,,Reported,,,Group / consolidated - verify,Not identified,Disclosed candidate,Review required,Natural Capital,2021-12-31_LBR_Integrated_Report_for_the_year_ended_31_December_2021.pdf,23
Libstar Holdings Limited,2021,Environmental,Total GHG,1.0,,Reported,,,Group / consolidated - verify,Not identified,Disclosed candidate,Review required,Natural Capital,2021-12-31_LBR_Integrated_Report_for_the_year_ended_31_December_2021.pdf,23
Libstar Holdings Limited,2021,Environmental,Waste,70.0,%,Reported,,,Not identified,Not identified,Disclosed candidate,Review required,Natural Capital,2021-12-31_LBR_Integrated_Report_for_the_year_ended_31_December_2021.pdf,51
Libstar Holdings Limited,2021,Environmental,Water Consumption,22.0,,Reported,,,Group / consolidated - verify,Not identified,Disclosed candidate,Review required,Natural Capital,2021-12-31_LBR_Integrated_Report_for_the_year_ended_31_December_2021.pdf,23
Libstar Holdings Limited,2021,Environmental,Water Intensity,22.0,,Reported,,,Group / consolidated - verify,Not identified,Disclosed candidate,Review required,Natural Capital,2021-12-31_LBR_Integrated_Report_for_the_year_ended_31_December_2021.pdf,23
Libstar Holdings Limited,2021,Governance,Board Composition,,,NR,,,Group / consolidated - verify,Assurance mentioned - verify,Disclosed candidate,Review required,Intellectual Capital,2021-12-31_LBR_Annual_Financial_Statements_for_the_year_ended_31_December_2021.pdf,6
Libstar Holdings Limited,2021,Governance,ESG Assurance,12.0,,Reported,,,Group / consolidated - verify,Assurance mentioned - verify,Disclosed candidate,Review required,Social & Relationship Capital,2021-12-31_LBR_Integrated_Report_for_the_year_ended_31_December_2021.pdf,13
Libstar Holdings Limited,2021,Governance,Governance Incidents,,,NR,,,Group / consolidated - verify,Not identified,Disclosed candidate,Review required,Social & Relationship Capital,2021-12-31_LBR_Integrated_Report_for_the_year_ended_31_December_2021.pdf,25
Libstar Holdings Limited,2021,Governance,Independent Directors,5.0,%,Reported,,,Group / consolidated - verify,Not identified,Disclosed candidate,Review required,Intellectual Capital,2021-12-31_LBR_Annual_Financial_Statements_for_the_year_ended_31_December_2021.pdf,69
Libstar Holdings Limited,2021,Social,Diversity,0.5,%,Reported,,,Not identified,Not identified,Disclosed candidate,Review required,Human Capital,2021-12-31_LBR_Integrated_Report_for_the_year_ended_31_December_2021.pdf,14
Libstar Holdings Limited,2021,Social,Employees,8.0,%,Reported,,,Group / consolidated - verify,Not identified,Disclosed candidate,Review required,Human Capital,2021-12-31_LBR_Integrated_Report_for_the_year_ended_31_December_2021.pdf,15
Libstar Holdings Limited,2021,Social,Fatalities,,,ND,,,Group / consolidated - verify,Assurance mentioned - verify,Disclosed candidate,Review required,Human Capital,2021-12-31_LBR_Integrated_Report_for_the_year_ended_31_December_2021.pdf,24
Libstar Holdings Limited,2021,Social,LTIR,,,ND,,,Group / consolidated - verify,Assurance mentioned - verify,Disclosed candidate,Review required,Human Capital,2021-12-31_LBR_Integrated_Report_for_the_year_ended_31_December_2021.pdf,24
Libstar Holdings Limited,2021,Social,Training,,,NR,,,Group / consolidated - verify,Not identified,Disclosed candidate,Review required,Human Capital,2021-12-31_LBR_Integrated_Report_for_the_year_ended_31_December_2021.pdf,24
Libstar Holdings Limited,2021,Social,Training Hours,,,ND,,,Group / consolidated - verify,Assurance mentioned - verify,Disclosed candidate,Review required,Human Capital,2021-12-31_LBR_Integrated_Report_for_the_year_ended_31_December_2021.pdf,24
Libstar Holdings Limited,2022,Environmental,Energy Consumption,74.0,,Reported,6.286e-09,,Group / consolidated - verify,Not identified,Disclosed candidate,Review required,Natural Capital,2022-12-31_LBR_Integrated_Report_for_the_year_ended_31_December_2022.pdf,75
Libstar Holdings Limited,2022,Environmental,Recycled Waste,50.0,%,Reported,,,Group / consolidated - verify,Not identified,Disclosed candidate,Review required,Natural Capital,2022-12-31_LBR_Integrated_Report_for_the_year_ended_31_December_2022.pdf,92
Libstar Holdings Limited,2022,Environmental,Renewable Energy,74.0,,Reported,,,Group / consolidated - verify,Not identified,Disclosed candidate,Review required,Natural Capital,2022-12-31_LBR_Integrated_Report_for_the_year_ended_31_December_2022.pdf,75
Libstar Holdings Limited,2022,Environmental,Scope 1 GHG,2.0,tonnes,Reported,1.7e-10,,Not identified,Not identified,Disclosed candidate,Review required,Natural Capital,2022-12-31_LBR_Integrated_Report_for_the_year_ended_31_December_2022.pdf,74
Libstar Holdings Limited,2022,Environmental,Scope 3 GHG,,%,NR,,,Group / consolidated - verify,Not identified,Disclosed candidate,Review required,Natural Capital,2022-12-31_LBR_Integrated_Report_for_the_year_ended_31_December_2022.pdf,74
Libstar Holdings Limited,2022,Environmental,Total GHG,74.0,,Reported,6.286e-09,,Group / consolidated - verify,Not identified,Disclosed candidate,Review required,Natural Capital,2022-12-31_LBR_Integrated_Report_for_the_year_ended_31_December_2022.pdf,75
Libstar Holdings Limited,2022,Environmental,Waste,50.0,%,Reported,,,Not identified,Not identified,Disclosed candidate,Review required,Natural Capital,2022-12-31_LBR_Integrated_Report_for_the_year_ended_31_December_2022.pdf,67
Libstar Holdings Limited,2022,Environmental,Water Consumption,2.0,tonnes,Reported,1.7e-10,,Not identified,Not identified,Disclosed candidate,Review required,Natural Capital,2022-12-31_LBR_Integrated_Report_for_the_year_ended_31_December_2022.pdf,74
Libstar Holdings Limited,2022,Governance,Board Composition,,%,NR,,,Group / consolidated - verify,Not identified,Disclosed candidate,Review required,Intellectual Capital,2022-12-31_LBR_Integrated_Report_for_the_year_ended_31_December_2022.pdf,97
Libstar Holdings Limited,2022,Governance,Board Diversity,30.0,%,Reported,,,Group / consolidated - verify,Not identified,Disclosed candidate,Review required,Intellectual Capital,2022-12-31_LBR_Integrated_Report_for_the_year_ended_31_December_2022.pdf,100
Libstar Holdings Limited,2022,Governance,ESG Assurance,22000.0,,Reported,,,Group / consolidated - verify,Assurance mentioned - verify,Disclosed candidate,Review required,Social & Relationship Capital,2022-12-31_LBR_Integrated_Report_for_the_year_ended_31_December_2022.pdf,81
Libstar Holdings Limited,2022,Governance,Governance Incidents,83.0,,Reported,,,Not identified,Not identified,Disclosed candidate,Review required,Social & Relationship Capital,2022-12-31_LBR_Integrated_Report_for_the_year_ended_31_December_2022.pdf,84
Libstar Holdings Limited,2022,Governance,Independent Directors,5.0,%,Reported,,,Group / consolidated - verify,Not identified,Disclosed candidate,Review required,Intellectual Capital,2022-12-31_LBR_Annual_Financial_Statements_for_the_year_ended_31_December_2022.pdf,72
Libstar Holdings Limited,2022,Social,Diversity,90.0,%,Reported,,,Group / consolidated - verify,Not identified,Disclosed candidate,Review required,Human Capital,2022-12-31_LBR_Integrated_Report_for_the_year_ended_31_December_2022.pdf,27
Libstar Holdings Limited,2022,Social,Employees,90.0,%,Reported,,,Group / consolidated - verify,Not identified,Disclosed candidate,Review required,Human Capital,2022-12-31_LBR_Integrated_Report_for_the_year_ended_31_December_2022.pdf,27
Libstar Holdings Limited,2022,Social,Fatalities,77.0,,Reported,,,Group / consolidated - verify,Assurance mentioned - verify,Disclosed candidate,Review required,Human Capital,2022-12-31_LBR_Integrated_Report_for_the_year_ended_31_December_2022.pdf,78
Libstar Holdings Limited,2022,Social,Training,10.0,%,Reported,,,Not identified,Not identified,Disclosed candidate,Review required,Human Capital,2022-12-31_LBR_Integrated_Report_for_the_year_ended_31_December_2022.pdf,54
Libstar Holdings Limited,2022,Social,Training Hours,6.2,,Reported,,,Group / consolidated - verify,Not identified,Disclosed candidate,Review required,Human Capital,2022-12-31_LBR_Integrated_Report_for_the_year_ended_31_December_2022.pdf,79
Libstar Holdings Limited,2023,Environmental,Energy Consumption,36.0,%,Reported,3.153e-09,,Group / consolidated - verify,Not identified,Disclosed candidate,Review required,Natural Capital,2023-12-31_LBR_Integrated_Report_for_the_year_ended_31_December_2023.pdf,42
Libstar Holdings Limited,2023,Environmental,Recycled Waste,50.0,%,Reported,,,Not identified,Not identified,Disclosed candidate,Review required,Natural Capital,2023-12-31_LBR_Annual_Financial_Statements_for_the_year_ended_31_December_2023.pdf,55
Libstar Holdings Limited,2023,Environmental,Renewable Energy,30.0,%,Reported,,,Group / consolidated - verify,Not identified,Disclosed candidate,Review required,Natural Capital,2023-12-31_LBR_Integrated_Report_for_the_year_ended_31_December_2023.pdf,42
Libstar Holdings Limited,2023,Environmental,Scope 1 GHG,,%,NR,,,Group / consolidated - verify,Not identified,Disclosed candidate,Review required,Natural Capital,2023-12-31_LBR_Integrated_Report_for_the_year_ended_31_December_2023.pdf,41
Libstar Holdings Limited,2023,Environmental,Scope 2 GHG,36.0,%,Reported,3.153e-09,,Group / consolidated - verify,Not identified,Disclosed candidate,Review required,Natural Capital,2023-12-31_LBR_Integrated_Report_for_the_year_ended_31_December_2023.pdf,42
Libstar Holdings Limited,2023,Environmental,Scope 3 GHG,1.3,%,Reported,,,Group / consolidated - verify,Not identified,Disclosed candidate,Review required,Natural Capital,2023-12-31_LBR_Integrated_Report_for_the_year_ended_31_December_2023.pdf,41
Libstar Holdings Limited,2023,Environmental,Total GHG,,,NR,,,Group / consolidated - verify,Not identified,Disclosed candidate,Review required,Natural Capital,2023-12-31_LBR_Integrated_Report_for_the_year_ended_31_December_2023.pdf,40
Libstar Holdings Limited,2023,Environmental,Waste,15.0,%,Reported,,,South Africa operations - verify,Not identified,Disclosed candidate,Review required,Natural Capital,2023-12-31_LBR_Integrated_Report_for_the_year_ended_31_December_2023.pdf,76
Libstar Holdings Limited,2023,Environmental,Water Consumption,36.0,%,Reported,3.153e-09,,Group / consolidated - verify,Not identified,Disclosed candidate,Review required,Natural Capital,2023-12-31_LBR_Integrated_Report_for_the_year_ended_31_December_2023.pdf,42
Libstar Holdings Limited,2023,Environmental,Water Intensity,,,NR,,,Group / consolidated - verify,Not identified,Disclosed candidate,Review required,Natural Capital,2023-12-31_LBR_Integrated_Report_for_the_year_ended_31_December_2023.pdf,40
Libstar Holdings Limited,2023,Governance,Board Composition,30.0,%,Reported,,,Group / consolidated - verify,Not identified,Disclosed candidate,Review required,Intellectual Capital,2023-12-31_LBR_Integrated_Report_for_the_year_ended_31_December_2023.pdf,81
Libstar Holdings Limited,2023,Governance,Board Diversity,30.0,%,Reported,,,Group / consolidated - verify,Not identified,Disclosed candidate,Review required,Intellectual Capital,2023-12-31_LBR_Integrated_Report_for_the_year_ended_31_December_2023.pdf,81
Libstar Holdings Limited,2023,Governance,ESG Assurance,3402.0,employees,Reported,,,Group / consolidated - verify,Assurance mentioned - verify,Disclosed candidate,Review required,Social & Relationship Capital,2023-12-31_LBR_Integrated_Report_for_the_year_ended_31_December_2023.pdf,43
Libstar Holdings Limited,2023,Governance,Governance Incidents,,,NR,,,Group / consolidated - verify,Not identified,Disclosed candidate,Review required,Social & Relationship Capital,2023-12-31_LBR_Integrated_Report_for_the_year_ended_31_December_2023.pdf,48
Libstar Holdings Limited,2023,Governance,Independent Directors,0.6,%,Reported,,,Group / consolidated - verify,Not identified,Disclosed candidate,Review required,Intellectual Capital,2023-12-31_LBR_Integrated_Report_for_the_year_ended_31_December_2023.pdf,50
Libstar Holdings Limited,2023,Social,Diversity,91.0,%,Reported,,,Group / consolidated - verify,Not identified,Disclosed candidate,Review required,Human Capital,2023-12-31_LBR_Integrated_Report_for_the_year_ended_31_December_2023.pdf,34
Libstar Holdings Limited,2023,Social,Employees,,employees,NR,,,Not identified,Not identified,Disclosed candidate,Review required,Human Capital,2023-12-31_LBR_Integrated_Report_for_the_year_ended_31_December_2023.pdf,15
Libstar Holdings Limited,2023,Social,Fatalities,2659.0,employees,Reported,,,Group / consolidated - verify,Not identified,Disclosed candidate,Review required,Human Capital,2023-12-31_LBR_Integrated_Report_for_the_year_ended_31_December_2023.pdf,44
Libstar Holdings Limited,2023,Social,Training,15.0,%,Reported,,,South Africa operations - verify,Not identified,Disclosed candidate,Review required,Human Capital,2023-12-31_LBR_Integrated_Report_for_the_year_ended_31_December_2023.pdf,76
Libstar Holdings Limited,2024,Environmental,Energy Consumption,20.0,%,Reported,1.755e-09,,Group / consolidated - verify,Not identified,Disclosed candidate,Review required,Natural Capital,2024-12-31_LBR_Integrated_Report_for_the_year_ended_31_December_2024.pdf,74
Libstar Holdings Limited,2024,Environmental,Recycled Waste,100.0,%,Reported,,,Group / consolidated - verify,Not identified,Disclosed candidate,Review required,Natural Capital,2024-12-31_LBR_Integrated_Report_for_the_year_ended_31_December_2024.pdf,114
Libstar Holdings Limited,2024,Environmental,Renewable Energy,0.0,%,Reported,,,Group / consolidated - verify,Not identified,Disclosed candidate,Review required,Natural Capital,2024-12-31_LBR_Integrated_Report_for_the_year_ended_31_December_2024.pdf,74
Libstar Holdings Limited,2024,Environmental,Scope 1 GHG,5.4,%,Reported,4.74e-10,,Group / consolidated - verify,Not identified,Disclosed candidate,Review required,Natural Capital,2024-12-31_LBR_Integrated_Report_for_the_year_ended_31_December_2024.pdf,7
Libstar Holdings Limited,2024,Environmental,Scope 2 GHG,6.0,%,Reported,5.26e-10,,Not identified,Not identified,Disclosed candidate,Review required,Natural Capital,2024-12-31_LBR_Integrated_Report_for_the_year_ended_31_December_2024.pdf,75
Libstar Holdings Limited,2024,Environmental,Scope 3 GHG,6.0,%,Reported,,,Not identified,Not identified,Disclosed candidate,Review required,Natural Capital,2024-12-31_LBR_Integrated_Report_for_the_year_ended_31_December_2024.pdf,75
Libstar Holdings Limited,2024,Environmental,Total GHG,6.0,%,Reported,5.26e-10,,Not identified,Not identified,Disclosed candidate,Review required,Natural Capital,2024-12-31_LBR_Integrated_Report_for_the_year_ended_31_December_2024.pdf,75
Libstar Holdings Limited,2024,Environmental,Waste,16.0,tonnes,Reported,,,Group / consolidated - verify,Not identified,Disclosed candidate,Review required,Natural Capital,2024-12-31_LBR_Integrated_Report_for_the_year_ended_31_December_2024.pdf,69
Libstar Holdings Limited,2024,Environmental,Water Consumption,18.9,%,Reported,1.658e-09,,Group / consolidated - verify,Not identified,Disclosed candidate,Review required,Natural Capital,2024-12-31_LBR_Integrated_Report_for_the_year_ended_31_December_2024.pdf,76
Libstar Holdings Limited,2024,Environmental,Water Intensity,,,NR,,,Group / consolidated - verify,Not identified,Disclosed candidate,Review required,Natural Capital,2024-12-31_LBR_Integrated_Report_for_the_year_ended_31_December_2024.pdf,76
Libstar Holdings Limited,2024,Governance,Board Composition,30.0,%,Reported,,,Group / consolidated - verify,Not identified,Disclosed candidate,Review required,Intellectual Capital,2024-12-31_LBR_Integrated_Report_for_the_year_ended_31_December_2024.pdf,91
Libstar Holdings Limited,2024,Governance,Board Diversity,30.0,%,Reported,,,Group / consolidated - verify,Not identified,Disclosed candidate,Review required,Intellectual Capital,2024-12-31_LBR_Integrated_Report_for_the_year_ended_31_December_2024.pdf,91
Libstar Holdings Limited,2024,Governance,ESG Assurance,,,NR,,,Not identified,Assurance mentioned - verify,Disclosed candidate,Review required,Social & Relationship Capital,2024-12-31_LBR_Integrated_Report_for_the_year_ended_31_December_2024.pdf,95
Libstar Holdings Limited,2024,Governance,Governance Incidents,20.0,%,Reported,,,Group / consolidated - verify,Not identified,Disclosed candidate,Review required,Social & Relationship Capital,2024-12-31_LBR_Integrated_Report_for_the_year_ended_31_December_2024.pdf,74
Libstar Holdings Limited,2024,Governance,Independent Directors,5.0,%,Reported,,,Group / consolidated - verify,Not identified,Disclosed candidate,Review required,Intellectual Capital,2024-12-31_LBR_Annual_Financial_Statements_for_the_year_ended_31_December_2024.pdf,61
Libstar Holdings Limited,2024,Social,Diversity,30.0,%,Reported,,,Group / consolidated - verify,Not identified,Disclosed candidate,Review required,Human Capital,2024-12-31_LBR_Integrated_Report_for_the_year_ended_31_December_2024.pdf,91
Libstar Holdings Limited,2024,Social,Employees,202439.0,%,Reported,,,Not identified,Not identified,Disclosed candidate,Review required,Human Capital,2024-12-31_LBR_Integrated_Report_for_the_year_ended_31_December_2024.pdf,82
Libstar Holdings Limited,2024,Social,Fatalities,,,NR,,,Group / consolidated - verify,Not identified,Disclosed candidate,Review required,Human Capital,2024-12-31_LBR_Integrated_Report_for_the_year_ended_31_December_2024.pdf,80
Libstar Holdings Limited,2024,Social,Training,3.1,%,Reported,,,Not identified,Not identified,Disclosed candidate,Review required,Human Capital,2024-12-31_LBR_Integrated_Report_for_the_year_ended_31_December_2024.pdf,26
Libstar Holdings Limited,2025,Environmental,Energy Consumption,30.0,%,Reported,2.433e-09,,Group / consolidated - verify,Not identified,Disclosed candidate,Review required,Natural Capital,2025-12-31_LBR_Integrated_Report_for_the_year_ended_31_December_2025.pdf,70
Libstar Holdings Limited,2025,Environmental,Recycled Waste,100.0,%,Reported,,,Group / consolidated - verify,Not identified,Disclosed candidate,Review required,Natural Capital,2025-12-31_LBR_Integrated_Report_for_the_year_ended_31_December_2025.pdf,102
Libstar Holdings Limited,2025,Environmental,Renewable Energy,1229742.0,kWh,Reported,,,Group / consolidated - verify,Not identified,Disclosed candidate,Review required,Natural Capital,2025-12-31_LBR_Integrated_Report_for_the_year_ended_31_December_2025.pdf,70
Libstar Holdings Limited,2025,Environmental,Scope 1 GHG,0.0,%,Reported,0.0,,Not identified,Not identified,Disclosed candidate,Review required,Natural Capital,2025-12-31_LBR_Integrated_Report_for_the_year_ended_31_December_2025.pdf,69
Libstar Holdings Limited,2025,Environmental,Scope 2 GHG,90.0,%,Reported,7.3e-09,,Group / consolidated - verify,Not identified,Disclosed candidate,Review required,Natural Capital,2025-12-31_LBR_Integrated_Report_for_the_year_ended_31_December_2025.pdf,70
Libstar Holdings Limited,2025,Environmental,Scope 3 GHG,0.0,%,Reported,,,Not identified,Not identified,Disclosed candidate,Review required,Natural Capital,2025-12-31_LBR_Integrated_Report_for_the_year_ended_31_December_2025.pdf,69
Libstar Holdings Limited,2025,Environmental,Total GHG,30.0,%,Reported,2.433e-09,,Group / consolidated - verify,Not identified,Disclosed candidate,Review required,Natural Capital,2025-12-31_LBR_Integrated_Report_for_the_year_ended_31_December_2025.pdf,70
Libstar Holdings Limited,2025,Environmental,Waste,0.0,%,Reported,,,Not identified,Not identified,Disclosed candidate,Review required,Natural Capital,2025-12-31_LBR_Integrated_Report_for_the_year_ended_31_December_2025.pdf,69
Libstar Holdings Limited,2025,Environmental,Water Consumption,,kWh,NR,,,Not identified,Not identified,Disclosed candidate,Review required,Natural Capital,2025-12-31_LBR_Integrated_Report_for_the_year_ended_31_December_2025.pdf,27
Libstar Holdings Limited,2025,Environmental,Water Intensity,991448.0,kWh,Reported,,,Group / consolidated - verify,Not identified,Disclosed candidate,Review required,Natural Capital,2025-12-31_LBR_Integrated_Report_for_the_year_ended_31_December_2025.pdf,70
Libstar Holdings Limited,2025,Governance,Board Composition,86.7,%,Reported,,,Group / consolidated - verify,Not identified,Disclosed candidate,Review required,Intellectual Capital,2025-12-31_LBR_Integrated_Report_for_the_year_ended_31_December_2025.pdf,31
Libstar Holdings Limited,2025,Governance,Board Diversity,30.0,%,Reported,,,Group / consolidated - verify,Not identified,Disclosed candidate,Review required,Intellectual Capital,2025-12-31_LBR_Integrated_Report_for_the_year_ended_31_December_2025.pdf,81
Libstar Holdings Limited,2025,Governance,ESG Assurance,97.0,%,Reported,,,Group / consolidated - verify,Assurance mentioned - verify,Disclosed candidate,Review required,Social & Relationship Capital,2025-12-31_LBR_Integrated_Report_for_the_year_ended_31_December_2025.pdf,71
Libstar Holdings Limited,2025,Governance,Governance Incidents,7733.0,,Reported,,,Group / consolidated - verify,Not identified,Disclosed candidate,Review required,Social & Relationship Capital,2025-12-31_LBR_Integrated_Report_for_the_year_ended_31_December_2025.pdf,75
Libstar Holdings Limited,2025,Governance,Independent Directors,5.0,%,Reported,,,Group / consolidated - verify,Not identified,Disclosed candidate,Review required,Intellectual Capital,2025-12-31_LBR_Annual_Financial_Statements_for_the_year_ended_31_December_2025.pdf,61
Libstar Holdings Limited,2025,Social,Diversity,30.0,%,Reported,,,Group / consolidated - verify,Not identified,Disclosed candidate,Review required,Human Capital,2025-12-31_LBR_Integrated_Report_for_the_year_ended_31_December_2025.pdf,81
Libstar Holdings Limited,2025,Social,Employees,97.0,%,Reported,,,Group / consolidated - verify,Assurance mentioned - verify,Disclosed candidate,Review required,Human Capital,2025-12-31_LBR_Integrated_Report_for_the_year_ended_31_December_2025.pdf,71
Libstar Holdings Limited,2025,Social,Fatalities,1.0,,Reported,,,Group / consolidated - verify,Not identified,Disclosed candidate,Review required,Human Capital,2025-12-31_LBR_Integrated_Report_for_the_year_ended_31_December_2025.pdf,71
Libstar Holdings Limited,2025,Social,Training,91.8,%,Reported,,,Group / consolidated - verify,Not identified,Disclosed candidate,Review required,Human Capital,2025-12-31_LBR_Integrated_Report_for_the_year_ended_31_December_2025.pdf,27
RCL Foods Limited,2021,Environmental,Energy Consumption,50.0,%,Reported,,,Group / consolidated - verify,Not identified,Disclosed candidate,Review required,Natural Capital,RCL-FOODS-Sustainable-Business-Report-2021-1 (1).pdf,20
RCL Foods Limited,2021,Environmental,Recycled Waste,182.0,%,Reported,,,Not identified,Not identified,Disclosed candidate,Review required,Natural Capital,RCL-FOODS-Integrated-Annual-Report-2021-1 (1).pdf,30
RCL Foods Limited,2021,Environmental,Renewable Energy,2.0,%,Reported,,,Not identified,Not identified,Disclosed candidate,Review required,Natural Capital,RCL-FOODS-Integrated-Annual-Report-2021-1 (1).pdf,17
RCL Foods Limited,2021,Environmental,Scope 1 GHG,,,NR,,,Not identified,Not identified,Disclosed candidate,Review required,Natural Capital,RCL-FOODS-Sustainable-Business-Report-2021-1 (1).pdf,33
RCL Foods Limited,2021,Environmental,Scope 2 GHG,,,NR,,,South Africa operations - verify,Not identified,Disclosed candidate,Review required,Natural Capital,RCL-FOODS-Sustainable-Business-Report-2021-1 (1).pdf,27
RCL Foods Limited,2021,Environmental,Waste,38.0,%,Reported,,,South Africa operations - verify,Not identified,Disclosed candidate,Review required,Natural Capital,RCL-FOODS-Sustainable-Business-Report-2021-1 (1).pdf,22
RCL Foods Limited,2021,Environmental,Water Consumption,30.0,%,Reported,,,South Africa operations - verify,Not identified,Disclosed candidate,Review required,Natural Capital,RCL-FOODS-Sustainable-Business-Report-2021-1 (1).pdf,23
RCL Foods Limited,2021,Governance,Board Composition,1.5,%,Reported,,,Group / consolidated - verify,Not identified,Disclosed candidate,Review required,Intellectual Capital,RCL-FOODS-Integrated-Annual-Report-2021-1 (1).pdf,46
RCL Foods Limited,2021,Governance,ESG Assurance,50.0,,Reported,,,Not identified,Assurance mentioned - verify,Disclosed candidate,Review required,Social & Relationship Capital,RCL-FOODS-Sustainable-Business-Report-2021-1 (1).pdf,26
RCL Foods Limited,2021,Governance,Independent Directors,,,NR,,,Not identified,Not identified,Disclosed candidate,Review required,Intellectual Capital,RCL-FOODS-Integrated-Annual-Report-2021-1 (1).pdf,52
RCL Foods Limited,2021,Social,Diversity,45.0,%,Reported,,,Not identified,Not identified,Disclosed candidate,Review required,Human Capital,RCL-FOODS-Sustainable-Business-Report-2021-1 (1).pdf,16
RCL Foods Limited,2021,Social,Employee Turnover,5554.0,employees,Reported,,,Not identified,Not identified,Disclosed candidate,Review required,Human Capital,RCL-FOODS-Sustainable-Business-Report-2021-1 (1).pdf,32
RCL Foods Limited,2021,Social,Employees,50.0,%,Reported,,,Group / consolidated - verify,Not identified,Disclosed candidate,Review required,Human Capital,RCL-FOODS-Integrated-Annual-Report-2021-1 (1).pdf,43
RCL Foods Limited,2021,Social,Fatalities,67.0,%,Reported,,,Not identified,Not identified,Disclosed candidate,Review required,Human Capital,RCL-FOODS-Integrated-Annual-Report-2021-1 (1).pdf,16
RCL Foods Limited,2021,Social,Training,31.0,%,Reported,,,Not identified,Not identified,Disclosed candidate,Review required,Human Capital,RCL-FOODS-Sustainable-Business-Report-2021-1 (1).pdf,7
RCL Foods Limited,2022,Environmental,Energy Consumption,6.0,%,Reported,,,Not identified,Not identified,Disclosed candidate,Review required,Natural Capital,2022-RCL Foods Sustainable-Business-Report-1 (1).pdf,24
RCL Foods Limited,2022,Environmental,Recycled Waste,90.0,%,Reported,,,Not identified,Not identified,Disclosed candidate,Review required,Natural Capital,2022-RCL Foods Sustainable-Business-Report-1 (1).pdf,27
RCL Foods Limited,2022,Environmental,Renewable Energy,70.0,%,Reported,,,Not identified,Not identified,Disclosed candidate,Review required,Natural Capital,2022-RCL Foods Sustainable-Business-Report-1 (1).pdf,23
RCL Foods Limited,2022,Environmental,Scope 1 GHG,1.0,%,Reported,,,Not identified,Assurance mentioned - verify,Disclosed candidate,Review required,Natural Capital,2022-RCL Foods Sustainable-Business-Report-1 (1).pdf,31
RCL Foods Limited,2022,Environmental,Scope 2 GHG,1.0,%,Reported,,,Not identified,Assurance mentioned - verify,Disclosed candidate,Review required,Natural Capital,2022-RCL Foods Sustainable-Business-Report-1 (1).pdf,31
RCL Foods Limited,2022,Environmental,Waste,6.0,%,Reported,,,Not identified,Not identified,Disclosed candidate,Review required,Natural Capital,RCL Foods 2022-Abridged-Integrated-Annual-Report (1).pdf,12
RCL Foods Limited,2022,Environmental,Water Consumption,0.7,%,Reported,,,Group / consolidated - verify,Not identified,Disclosed candidate,Review required,Natural Capital,2022-RCL Foods Sustainable-Business-Report-1 (1).pdf,26
RCL Foods Limited,2022,Governance,Board Composition,3.0,%,Reported,,,Not identified,Not identified,Disclosed candidate,Review required,Intellectual Capital,RCL Foods 2022-Abridged-Integrated-Annual-Report (1).pdf,68
RCL Foods Limited,2022,Governance,Board Diversity,67.0,%,Reported,,,Not identified,Not identified,Disclosed candidate,Review required,Intellectual Capital,2022-RCL Foods Sustainable-Business-Report-1 (1).pdf,16
RCL Foods Limited,2022,Governance,ESG Assurance,1.0,%,Reported,,,Not identified,Assurance mentioned - verify,Disclosed candidate,Review required,Social & Relationship Capital,2022-RCL Foods Sustainable-Business-Report-1 (1).pdf,31
RCL Foods Limited,2022,Governance,Ethics Training,99.0,%,Reported,,,Group / consolidated - verify,Not identified,Disclosed candidate,Review required,Social & Relationship Capital,2022-RCL Foods Sustainable-Business-Report-1 (1).pdf,17
RCL Foods Limited,2022,Governance,Independent Directors,5859.0,,Reported,,,Group / consolidated - verify,Not identified,Disclosed candidate,Review required,Intellectual Capital,RCL Foods 2022-Abridged-Integrated-Annual-Report (1).pdf,31
RCL Foods Limited,2022,Social,Diversity,,%,NR,,,Group / consolidated - verify,Not identified,Disclosed candidate,Review required,Human Capital,2022-RCL Foods Sustainable-Business-Report-1 (1).pdf,16
RCL Foods Limited,2022,Social,Employee Turnover,,,NR,,,South Africa operations - verify,Not identified,Disclosed candidate,Review required,Human Capital,2022-RCL Foods Sustainable-Business-Report-1 (1).pdf,35
RCL Foods Limited,2022,Social,Employees,12500.0,employees,Reported,,,Not identified,Not identified,Disclosed candidate,Review required,Human Capital,RCL Foods 2022-Abridged-Integrated-Annual-Report (1).pdf,22
RCL Foods Limited,2022,Social,Fatalities,68.0,,Reported,,,Not identified,Not identified,Disclosed candidate,Review required,Human Capital,2022-RCL Foods Sustainable-Business-Report-1 (1).pdf,36
RCL Foods Limited,2022,Social,LTIR,,,NR,,,Not identified,Not identified,Disclosed candidate,Review required,Human Capital,2022-RCL Foods Sustainable-Business-Report-1 (1).pdf,36
RCL Foods Limited,2022,Social,Training,60.0,%,Reported,,,Not identified,Not identified,Disclosed candidate,Review required,Human Capital,2022-RCL Foods Sustainable-Business-Report-1 (1).pdf,9
RCL Foods Limited,2023,Environmental,Energy Consumption,36.0,%,Reported,1.478e-09,,Not identified,Not identified,Disclosed candidate,Review required,Natural Capital,RCL Foods Sustainable-Business-Report-2023 (1).pdf,50
RCL Foods Limited,2023,Environmental,GHG Intensity,,,NR,,,Not identified,Not identified,Disclosed candidate,Review required,Natural Capital,RCL Foods Sustainable-Business-Report-2023 (1).pdf,71
RCL Foods Limited,2023,Environmental,Recycled Waste,-4.0,%,Reported,,,Not identified,Not identified,Disclosed candidate,Review required,Natural Capital,RCL Foods Sustainable-Business-Report-2023 (1).pdf,71
RCL Foods Limited,2023,Environmental,Renewable Energy,69.0,%,Reported,,,Not identified,Not identified,Disclosed candidate,Review required,Natural Capital,RCL Foods Sustainable-Business-Report-2023 (1).pdf,52
RCL Foods Limited,2023,Environmental,Scope 1 GHG,,,NR,,,Not identified,Not identified,Disclosed candidate,Review required,Natural Capital,RCL Foods Sustainable-Business-Report-2023 (1).pdf,71
RCL Foods Limited,2023,Environmental,Scope 2 GHG,1.2,%,Reported,4.9e-11,,Not identified,Not identified,Disclosed candidate,Review required,Natural Capital,RCL Foods Sustainable-Business-Report-2023 (1).pdf,49
RCL Foods Limited,2023,Environmental,Scope 3 GHG,1.5,,Reported,,,Group / consolidated - verify,Not identified,Disclosed candidate,Review required,Natural Capital,RCL Foods Sustainable-Business-Report-2023 (1).pdf,49
RCL Foods Limited,2023,Environmental,Total GHG,,,NR,,,Not identified,Not identified,Disclosed candidate,Review required,Natural Capital,RCL Foods Sustainable-Business-Report-2023 (1).pdf,71
RCL Foods Limited,2023,Environmental,Waste,,employees,NR,,,Group / consolidated - verify,Not identified,Disclosed candidate,Review required,Natural Capital,RCL Foods Sustainable-Business-Report-2023 (1).pdf,8
RCL Foods Limited,2023,Environmental,Water Consumption,8.1,%,Reported,3.33e-10,,Group / consolidated - verify,Not identified,Disclosed candidate,Review required,Natural Capital,RCL Foods Sustainable-Business-Report-2023 (1).pdf,60
RCL Foods Limited,2023,Governance,Board Composition,-9.0,%,Reported,,,Not identified,Not identified,Disclosed candidate,Review required,Intellectual Capital,RCL Foods Sustainable-Business-Report-2023 (1).pdf,66
RCL Foods Limited,2023,Governance,ESG Assurance,,,NR,,,Not identified,Assurance mentioned - verify,Disclosed candidate,Review required,Social & Relationship Capital,RCL Foods Abridged-Integrated-Annual-Report-2023 (1).pdf,2
RCL Foods Limited,2023,Governance,Governance Incidents,12.7,,Reported,,,Not identified,Not identified,Disclosed candidate,Review required,Social & Relationship Capital,RCL Foods Sustainable-Business-Report-2023 (1).pdf,77
RCL Foods Limited,2023,Governance,Independent Directors,,,NR,,,Group / consolidated - verify,Not identified,Disclosed candidate,Review required,Intellectual Capital,RCL Foods Abridged-Integrated-Annual-Report-2023 (1).pdf,59
RCL Foods Limited,2023,Social,Diversity,53.0,%,Reported,,,Group / consolidated - verify,Not identified,Disclosed candidate,Review required,Human Capital,RCL Foods Sustainable-Business-Report-2023 (1).pdf,23
RCL Foods Limited,2023,Social,Employee Turnover,-30.0,%,Reported,,,Not identified,Not identified,Disclosed candidate,Review required,Human Capital,RCL Foods Sustainable-Business-Report-2023 (1).pdf,67
RCL Foods Limited,2023,Social,Employees,4.0,%,Reported,,,Not identified,Not identified,Disclosed candidate,Review required,Human Capital,RCL Foods Sustainable-Business-Report-2023 (1).pdf,18
RCL Foods Limited,2023,Social,Fatalities,,,NR,,,Not identified,Not identified,Disclosed candidate,Review required,Human Capital,RCL Foods Sustainable-Business-Report-2023 (1).pdf,69
RCL Foods Limited,2023,Social,LTIR,403.0,,Reported,,,Not identified,Not identified,Disclosed candidate,Review required,Human Capital,RCL Foods Sustainable-Business-Report-2023 (1).pdf,69
RCL Foods Limited,2023,Social,Training,10.0,%,Reported,,,Not identified,Not identified,Disclosed candidate,Review required,Human Capital,RCL Foods Abridged-Integrated-Annual-Report-2023 (1).pdf,30
RCL Foods Limited,2024,Environmental,Energy Consumption,50.0,%,Reported,1.922e-09,,Group / consolidated - verify,Not identified,Disclosed candidate,Review required,Natural Capital,RCL Foods 2024-Abridged-Integrated-Annual-Report-2 (1).pdf,30
RCL Foods Limited,2024,Environmental,Recycled Waste,3.8,%,Reported,,,Not identified,Not identified,Disclosed candidate,Review required,Natural Capital,RCL Foods 2024-Abridged-Integrated-Annual-Report-2 (1).pdf,40
RCL Foods Limited,2024,Environmental,Renewable Energy,4.0,%,Reported,,,Not identified,Not identified,Disclosed candidate,Review required,Natural Capital,RCL Foods 2024-Abridged-Integrated-Annual-Report-2 (1).pdf,40
RCL Foods Limited,2024,Environmental,Waste,50.0,%,Reported,,,South Africa operations - verify,Not identified,Disclosed candidate,Review required,Natural Capital,RCL Foods 2024-Abridged-Integrated-Annual-Report-2 (1).pdf,24
RCL Foods Limited,2024,Environmental,Water Consumption,50.0,%,Reported,1.922e-09,,Group / consolidated - verify,Not identified,Disclosed candidate,Review required,Natural Capital,RCL Foods 2024-Abridged-Integrated-Annual-Report-2 (1).pdf,30
RCL Foods Limited,2024,Governance,Board Composition,24.0,%,Reported,,,Not identified,Not identified,Disclosed candidate,Review required,Intellectual Capital,RCL Foods 2024-Abridged-Integrated-Annual-Report-2 (1).pdf,91
RCL Foods Limited,2024,Governance,ESG Assurance,1.0,,Reported,,,Not identified,Assurance mentioned - verify,Disclosed candidate,Review required,Social & Relationship Capital,RCL Foods 2024-Abridged-Integrated-Annual-Report-2 (1).pdf,3
RCL Foods Limited,2024,Governance,Governance Incidents,83.8,%,Reported,,,Group / consolidated - verify,Not identified,Disclosed candidate,Review required,Social & Relationship Capital,RCL Foods 2024-Abridged-Integrated-Annual-Report-2 (1).pdf,15
RCL Foods Limited,2024,Governance,Independent Directors,62.0,,Reported,,,Group / consolidated - verify,Not identified,Disclosed candidate,Review required,Intellectual Capital,RCL Foods 2024-Abridged-Integrated-Annual-Report-2 (1).pdf,64
RCL Foods Limited,2024,Social,Diversity,10.0,%,Reported,,,Not identified,Not identified,Disclosed candidate,Review required,Human Capital,RCL Foods 2024-Abridged-Integrated-Annual-Report-2 (1).pdf,33
RCL Foods Limited,2024,Social,Employee Turnover,10.0,%,Reported,,,Not identified,Not identified,Disclosed candidate,Review required,Human Capital,RCL Foods 2024-Abridged-Integrated-Annual-Report-2 (1).pdf,33
RCL Foods Limited,2024,Social,Employees,15.0,%,Reported,,,South Africa operations - verify,Not identified,Disclosed candidate,Review required,Human Capital,RCL Foods 2024-Abridged-Integrated-Annual-Report-2 (1).pdf,32
RCL Foods Limited,2024,Social,Training,3.0,%,Reported,,,Group / consolidated - verify,Not identified,Disclosed candidate,Review required,Human Capital,RCL Foods 2024-Abridged-Integrated-Annual-Report-2 (1).pdf,15
RCL Foods Limited,2025,Environmental,Energy Consumption,,tonnes,NR,,,Not identified,Not identified,Disclosed candidate,Review required,Natural Capital,RCL Foods 2025-Integrated-Annual-Report (1).pdf,108
RCL Foods Limited,2025,Environmental,GHG Intensity,108.0,,Reported,,,Not identified,Not identified,Disclosed candidate,Review required,Natural Capital,RCL Foods 2025-Integrated-Annual-Report (1).pdf,109
RCL Foods Limited,2025,Environmental,Recycled Waste,5.0,%,Reported,,,Not identified,Not identified,Disclosed candidate,Review required,Natural Capital,RCL Foods 2025-Integrated-Annual-Report (1).pdf,67
RCL Foods Limited,2025,Environmental,Renewable Energy,603000.0,tonnes,Reported,,,Not identified,Not identified,Disclosed candidate,Review required,Natural Capital,RCL Foods 2025-Integrated-Annual-Report (1).pdf,17
RCL Foods Limited,2025,Environmental,Scope 1 GHG,56.0,%,Reported,2.192e-09,,South Africa operations - verify,Not identified,Disclosed candidate,Review required,Natural Capital,RCL Foods 2025-Integrated-Annual-Report (1).pdf,66
RCL Foods Limited,2025,Environmental,Scope 2 GHG,56.0,%,Reported,2.192e-09,,South Africa operations - verify,Not identified,Disclosed candidate,Review required,Natural Capital,RCL Foods 2025-Integrated-Annual-Report (1).pdf,66
RCL Foods Limited,2025,Environmental,Scope 3 GHG,91000.0,tonnes,Reported,,,Group / consolidated - verify,Not identified,Disclosed candidate,Review required,Natural Capital,RCL Foods 2025-Integrated-Annual-Report (1).pdf,42
RCL Foods Limited,2025,Environmental,Total GHG,108.0,,Reported,4.227e-09,,Not identified,Not identified,Disclosed candidate,Review required,Natural Capital,RCL Foods 2025-Integrated-Annual-Report (1).pdf,109
RCL Foods Limited,2025,Environmental,Waste,,tonnes,NR,,,Not identified,Not identified,Disclosed candidate,Review required,Natural Capital,RCL Foods 2025-Integrated-Annual-Report (1).pdf,110
RCL Foods Limited,2025,Environmental,Water Consumption,26.0,%,Reported,1.018e-09,,Not identified,Not identified,Disclosed candidate,Review required,Natural Capital,RCL Foods 2025-Integrated-Annual-Report (1).pdf,64
RCL Foods Limited,2025,Environmental,Water Intensity,2.1,%,Reported,,,Not identified,Not identified,ND/NR - verify,Review required,Natural Capital,RCL Foods 2025-Integrated-Annual-Report (1).pdf,109
RCL Foods Limited,2025,Governance,Board Composition,-9.0,%,Reported,,,Not identified,Not identified,Disclosed candidate,Review required,Intellectual Capital,RCL Foods 2025-Integrated-Annual-Report (1).pdf,104
RCL Foods Limited,2025,Governance,Board Diversity,1.0,%,Reported,,,Group / consolidated - verify,Not identified,Disclosed candidate,Review required,Intellectual Capital,RCL Foods 2025-Integrated-Annual-Report (1).pdf,53
RCL Foods Limited,2025,Governance,ESG Assurance,5.0,,Reported,,,Group / consolidated - verify,Assurance mentioned - verify,Disclosed candidate,Review required,Social & Relationship Capital,RCL Foods 2025-Integrated-Annual-Report (1).pdf,6
RCL Foods Limited,2025,Governance,Ethics Training,,,ND,,,Group / consolidated - verify,Not identified,Disclosed candidate,Review required,Social & Relationship Capital,RCL Foods 2025-Integrated-Annual-Report (1).pdf,79
RCL Foods Limited,2025,Governance,Governance Incidents,7788.0,,Reported,,,Group / consolidated - verify,Assurance mentioned - verify,Disclosed candidate,Review required,Social & Relationship Capital,RCL Foods 2025-Integrated-Annual-Report (1).pdf,79
RCL Foods Limited,2025,Governance,Independent Directors,97.0,%,Reported,,,Group / consolidated - verify,Not identified,Disclosed candidate,Review required,Intellectual Capital,RCL Foods 2025-Integrated-Annual-Report (1).pdf,72
RCL Foods Limited,2025,Social,Diversity,915.0,%,Reported,,,Not identified,Not identified,Disclosed candidate,Review required,Human Capital,RCL Foods 2025-Integrated-Annual-Report (1).pdf,54
RCL Foods Limited,2025,Social,Employee Turnover,310.0,%,Reported,,,South Africa operations - verify,Not identified,Disclosed candidate,Review required,Human Capital,RCL Foods 2025-Integrated-Annual-Report (1).pdf,106
RCL Foods Limited,2025,Social,Employees,310.0,%,Reported,,,South Africa operations - verify,Not identified,Disclosed candidate,Review required,Human Capital,RCL Foods 2025-Integrated-Annual-Report (1).pdf,106
RCL Foods Limited,2025,Social,Fatalities,106.0,,Reported,,,Not identified,Not identified,Disclosed candidate,Review required,Human Capital,RCL Foods 2025-Integrated-Annual-Report (1).pdf,107
RCL Foods Limited,2025,Social,LTIR,1788.0,,Reported,,,Not identified,Not identified,Disclosed candidate,Review required,Human Capital,RCL Foods 2025-Integrated-Annual-Report (1).pdf,107
RCL Foods Limited,2025,Social,Training,310.0,%,Reported,,,South Africa operations - verify,Not identified,Disclosed candidate,Review required,Human Capital,RCL Foods 2025-Integrated-Annual-Report (1).pdf,106
Tiger Brands Limited,2021,Environmental,Energy Consumption,15.0,%,Reported,,,South Africa operations - verify,Not identified,Disclosed candidate,Review required,Natural Capital,tiger-brands-sd-full 2021.pdf,15
Tiger Brands Limited,2021,Environmental,Energy Intensity,15.0,%,Reported,,,South Africa operations - verify,Not identified,Disclosed candidate,Review required,Natural Capital,tiger-brands-sd-full 2021.pdf,15
Tiger Brands Limited,2021,Environmental,GHG Intensity,30.0,%,Reported,,,South Africa operations - verify,Not identified,Disclosed candidate,Review required,Natural Capital,tiger-brands-sd-full 2021.pdf,3
Tiger Brands Limited,2021,Environmental,Recycled Waste,23.0,%,Reported,,,Group / consolidated - verify,Not identified,Disclosed candidate,Review required,Natural Capital,tiger-brands-sd-full 2021.pdf,22
Tiger Brands Limited,2021,Environmental,Renewable Energy,15.0,%,Reported,,,South Africa operations - verify,Not identified,Disclosed candidate,Review required,Natural Capital,tiger-brands-sd-full 2021.pdf,15
Tiger Brands Limited,2021,Environmental,Scope 1 GHG,204.0,%,Reported,,,Not identified,Not identified,Disclosed candidate,Review required,Natural Capital,tiger-brands-sd-full 2021.pdf,23
Tiger Brands Limited,2021,Environmental,Scope 2 GHG,204.0,%,Reported,,,Not identified,Not identified,Disclosed candidate,Review required,Natural Capital,tiger-brands-sd-full 2021.pdf,23
Tiger Brands Limited,2021,Environmental,Scope 3 GHG,20.0,,Reported,,,Not identified,Not identified,Disclosed candidate,Review required,Natural Capital,tiger-brands-sd-full 2021.pdf,40
Tiger Brands Limited,2021,Environmental,Total GHG,145.0,%,Reported,,,Not identified,Not identified,ND/NR - verify,Review required,Natural Capital,tiger-brands-sd-full 2021.pdf,37
Tiger Brands Limited,2021,Environmental,Waste,74.0,%,Reported,,,South Africa operations - verify,Not identified,Disclosed candidate,Review required,Natural Capital,tiger-brands-sd-full 2021.pdf,24
Tiger Brands Limited,2021,Environmental,Water Consumption,30.0,%,Reported,,,South Africa operations - verify,Not identified,Disclosed candidate,Review required,Natural Capital,tiger-brands-sd-full 2021.pdf,3
Tiger Brands Limited,2021,Environmental,Water Intensity,30.0,%,Reported,,,South Africa operations - verify,Not identified,Disclosed candidate,Review required,Natural Capital,tiger-brands-sd-full 2021.pdf,3
Tiger Brands Limited,2021,Governance,Board Composition,0.0,%,Reported,,,Group / consolidated - verify,Not identified,Disclosed candidate,Review required,Intellectual Capital,tiger-brands-sd-full 2021.pdf,11
Tiger Brands Limited,2021,Governance,Board Diversity,70.0,%,Reported,,,Group / consolidated - verify,Not identified,Disclosed candidate,Review required,Intellectual Capital,tiger-brands-sd-full 2021.pdf,27
Tiger Brands Limited,2021,Governance,ESG Assurance,32.0,%,Reported,,,Group / consolidated - verify,Assurance mentioned - verify,Disclosed candidate,Review required,Social & Relationship Capital,full-afs Tiger brands 2021.pdf,5
Tiger Brands Limited,2021,Governance,Ethics Training,202162.0,,Reported,,,Not identified,Not identified,Disclosed candidate,Review required,Social & Relationship Capital,tiger-brands-sd-full 2021.pdf,26
Tiger Brands Limited,2021,Governance,Governance Incidents,77.0,,Reported,,,Not identified,Not identified,Disclosed candidate,Review required,Social & Relationship Capital,tiger-brands-sd-full 2021.pdf,26
Tiger Brands Limited,2021,Governance,Independent Directors,15.0,,Reported,,,South Africa operations - verify,Not identified,Disclosed candidate,Review required,Intellectual Capital,full-afs Tiger brands 2021.pdf,102
Tiger Brands Limited,2021,Social,Diversity,94.0,%,Reported,,,Group / consolidated - verify,Not identified,Disclosed candidate,Review required,Human Capital,tiger-brands-sd-full 2021.pdf,27
Tiger Brands Limited,2021,Social,Employee Turnover,,%,NR,,,South Africa operations - verify,Not identified,ND/NR - verify,Review required,Human Capital,tiger-brands-sd-full 2021.pdf,38
Tiger Brands Limited,2021,Social,Employees,,%,NR,,,Not identified,Not identified,Disclosed candidate,Review required,Human Capital,tiger-brands-sd-full 2021.pdf,38
Tiger Brands Limited,2021,Social,Fatalities,,%,NR,,,Not identified,Not identified,Disclosed candidate,Review required,Human Capital,tiger-brands-sd-full 2021.pdf,38
Tiger Brands Limited,2021,Social,LTIR,,,NR,,,Not identified,Not identified,Disclosed candidate,Review required,Human Capital,tiger-brands-sd-full 2021.pdf,28
Tiger Brands Limited,2021,Social,Training,76.0,%,Reported,,,Not identified,Not identified,Disclosed candidate,Review required,Human Capital,tiger-brands-sd-full 2021.pdf,10
Tiger Brands Limited,2022,Environmental,Recycled Waste,,,ND,,,Group / consolidated - verify,Not identified,Disclosed candidate,Review required,Natural Capital,afs Tiger brands-2022.pdf,27
Tiger Brands Limited,2022,Governance,Board Composition,,,NR,,,Not identified,Not identified,Disclosed candidate,Review required,Intellectual Capital,afs Tiger brands-2022.pdf,71
Tiger Brands Limited,2022,Governance,ESG Assurance,23.0,%,Reported,,,Group / consolidated - verify,Assurance mentioned - verify,Disclosed candidate,Review required,Social & Relationship Capital,afs Tiger brands-2022.pdf,5
Tiger Brands Limited,2022,Governance,Independent Directors,71080.0,,Reported,,,South Africa operations - verify,Not identified,Disclosed candidate,Review required,Intellectual Capital,afs Tiger brands-2022.pdf,98
Tiger Brands Limited,2022,Social,Employee Turnover,,,ND,,,Group / consolidated - verify,Not identified,Disclosed candidate,Review required,Human Capital,afs Tiger brands-2022.pdf,32
Tiger Brands Limited,2022,Social,Employees,30.0,%,Reported,,,Group / consolidated - verify,Not identified,Disclosed candidate,Review required,Human Capital,afs Tiger brands-2022.pdf,97
Tiger Brands Limited,2022,Social,Training,,,NR,,,Not identified,Assurance mentioned - verify,Disclosed candidate,Review required,Human Capital,afs Tiger brands-2022.pdf,7
Tiger Brands Limited,2023,Environmental,Recycled Waste,20.0,,Reported,,,Group / consolidated - verify,Not identified,Disclosed candidate,Review required,Natural Capital,afs Tiger brands-2023.pdf,22
Tiger Brands Limited,2023,Governance,Board Composition,,,NR,,,Not identified,Not identified,Disclosed candidate,Review required,Intellectual Capital,afs Tiger brands-2023.pdf,84
Tiger Brands Limited,2023,Governance,ESG Assurance,,,NR,,,Not identified,Assurance mentioned - verify,Disclosed candidate,Review required,Social & Relationship Capital,afs Tiger brands-2023.pdf,7
Tiger Brands Limited,2023,Governance,Independent Directors,,,NR,,,South Africa operations - verify,Not identified,Disclosed candidate,Review required,Intellectual Capital,afs Tiger brands-2023.pdf,102
Tiger Brands Limited,2023,Social,Employee Turnover,1.0,%,Reported,,,Group / consolidated - verify,Not identified,Disclosed candidate,Review required,Human Capital,afs Tiger brands-2023.pdf,66
Tiger Brands Limited,2023,Social,Employees,3.0,%,Reported,,,Group / consolidated - verify,Not identified,Disclosed candidate,Review required,Human Capital,afs Tiger brands-2023.pdf,101
Tiger Brands Limited,2023,Social,Training,,,NR,,,Group / consolidated - verify,Assurance mentioned - verify,Disclosed candidate,Review required,Human Capital,afs Tiger brands-2023.pdf,7
Tiger Brands Limited,2024,Environmental,Recycled Waste,20.0,,Reported,,,Group / consolidated - verify,Not identified,Disclosed candidate,Review required,Natural Capital,afs Tiger brands-2024.pdf,22
Tiger Brands Limited,2024,Governance,Board Composition,34.0,,Reported,,,Not identified,Not identified,Disclosed candidate,Review required,Intellectual Capital,afs Tiger brands-2024.pdf,83
Tiger Brands Limited,2024,Governance,ESG Assurance,86.0,%,Reported,,,Group / consolidated - verify,Reasonable assurance,Disclosed candidate,Review required,Social & Relationship Capital,afs Tiger brands-2024.pdf,9
Tiger Brands Limited,2024,Governance,Independent Directors,71080.0,,Reported,,,South Africa operations - verify,Not identified,Disclosed candidate,Review required,Intellectual Capital,afs Tiger brands-2024.pdf,102
Tiger Brands Limited,2024,Social,Employee Turnover,31.0,,Reported,,,Group / consolidated - verify,Not identified,Disclosed candidate,Review required,Human Capital,afs Tiger brands-2024.pdf,66
Tiger Brands Limited,2024,Social,Employees,3.0,%,Reported,,,Group / consolidated - verify,Not identified,Disclosed candidate,Review required,Human Capital,afs Tiger brands-2024.pdf,101
Tiger Brands Limited,2024,Social,Training,3.0,,Reported,,,Not identified,Not identified,Disclosed candidate,Review required,Human Capital,afs Tiger brands-2024.pdf,7
Tiger Brands Limited,2025,Environmental,Recycled Waste,15.0,,Reported,,,Not identified,Not identified,Disclosed candidate,Review required,Natural Capital,afs Tiger brands-2025.pdf,21
Tiger Brands Limited,2025,Governance,Board Composition,5.0,,Reported,,,Group / consolidated - verify,Not identified,Disclosed candidate,Review required,Intellectual Capital,afs Tiger brands-2025.pdf,32
Tiger Brands Limited,2025,Governance,ESG Assurance,8.0,%,Reported,,,Not identified,Assurance mentioned - verify,Disclosed candidate,Review required,Social & Relationship Capital,afs Tiger brands-2025.pdf,7
Tiger Brands Limited,2025,Governance,Independent Directors,71080.0,,Reported,,,South Africa operations - verify,Not identified,Disclosed candidate,Review required,Intellectual Capital,afs Tiger brands-2025.pdf,52
Tiger Brands Limited,2025,Social,Employees,3.0,%,Reported,,,Group / consolidated - verify,Not identified,Disclosed candidate,Review required,Human Capital,afs Tiger brands-2025.pdf,51
Tiger Brands Limited,2025,Social,Training,18.0,,Reported,,,Group / consolidated - verify,Not identified,Disclosed candidate,Review required,Human Capital,afs Tiger brands-2025.pdf,9
AVI Limited,2021,Environmental,Recycled Waste,10.0,%,Reported,,,South Africa operations - verify,Not identified,Disclosed candidate,Review required,Natural Capital,6.-Integrated-Annual-Report-June-2021.pdf,40
AVI Limited,2021,Environmental,Scope 1 GHG,40302.0,,Reported,,,Not identified,Not identified,ND/NR - verify,Review required,Natural Capital,6.-Integrated-Annual-Report-June-2021.pdf,65
AVI Limited,2021,Environmental,Scope 2 GHG,40.0,,Reported,,,Not identified,Not identified,ND/NR - verify,Review required,Natural Capital,6.-Integrated-Annual-Report-June-2021.pdf,65
AVI Limited,2021,Environmental,Scope 3 GHG,40303.0,,Reported,,,Not identified,Not identified,ND/NR - verify,Review required,Natural Capital,6.-Integrated-Annual-Report-June-2021.pdf,65
AVI Limited,2021,Environmental,Waste,98.0,%,Reported,,,Not identified,Not identified,Disclosed candidate,Review required,Natural Capital,6.-Integrated-Annual-Report-June-2021.pdf,45
AVI Limited,2021,Governance,Governance Incidents,63.0,,Reported,,,Not identified,Not identified,ND/NR - verify,Review required,Social & Relationship Capital,6.-Integrated-Annual-Report-June-2021.pdf,65
AVI Limited,2021,Social,Diversity,10.0,%,Reported,,,South Africa operations - verify,Not identified,Disclosed candidate,Review required,Human Capital,6.-Integrated-Annual-Report-June-2021.pdf,40
AVI Limited,2021,Social,Employee Turnover,307.0,,Reported,,,Not identified,Not identified,ND/NR - verify,Review required,Human Capital,6.-Integrated-Annual-Report-June-2021.pdf,66
AVI Limited,2021,Social,Training,40.0,%,Reported,,,Not identified,Not identified,Disclosed candidate,Review required,Human Capital,6.-Integrated-Annual-Report-June-2021.pdf,54
Tiger Brands Limited,2022,Environmental,Energy Consumption,79.0,%,Reported,2.322e-09,,Not identified,Not identified,Disclosed candidate,Review required,Natural Capital,SR-spread 2022.pdf,36
Tiger Brands Limited,2022,Environmental,Energy Intensity,45.0,%,Reported,,,South Africa operations - verify,Not identified,Disclosed candidate,Review required,Natural Capital,SR-spread 2022.pdf,17
Tiger Brands Limited,2022,Environmental,GHG Intensity,277.0,%,Reported,,,Group / consolidated - verify,Not identified,Disclosed candidate,Review required,Natural Capital,Integrated Annual Report 2022.pdf,13
Astral Foods Limited,2022,Environmental,Recycled Waste,64.8,%,Reported,,,Not identified,Not identified,Disclosed candidate,Review required,Natural Capital,Integrated-Report-for-the-year-ended-30-September-2022.pdf,11
Astral Foods Limited,2022,Environmental,Renewable Energy,64.8,%,Reported,,,Group / consolidated - verify,Not identified,Disclosed candidate,Review required,Natural Capital,Integrated-Report-for-the-year-ended-30-September-2022.pdf,81
Astral Foods Limited,2022,Environmental,Scope 1 GHG,5.0,%,Reported,2.59e-10,,Not identified,Not identified,Disclosed candidate,Review required,Natural Capital,Integrated-Report-for-the-year-ended-30-September-2022.pdf,112
Astral Foods Limited,2022,Environmental,Scope 2 GHG,5.0,%,Reported,2.59e-10,,Not identified,Not identified,Disclosed candidate,Review required,Natural Capital,Integrated-Report-for-the-year-ended-30-September-2022.pdf,112
AVI Limited,2022,Environmental,Scope 3 GHG,40.0,,Reported,,,Not identified,Not identified,ND/NR - verify,Review required,Natural Capital,Integrated-Annual-Report-June-2022.pdf,66
Tiger Brands Limited,2022,Environmental,Total GHG,79.0,%,Reported,2.322e-09,,Not identified,Not identified,Disclosed candidate,Review required,Natural Capital,SR-spread 2022.pdf,36
Astral Foods Limited,2022,Environmental,Waste,64.8,%,Reported,,,Not identified,Not identified,Disclosed candidate,Review required,Natural Capital,Integrated-Report-for-the-year-ended-30-September-2022.pdf,11
Astral Foods Limited,2022,Environmental,Water Consumption,14.0,%,Reported,7.24e-10,,Not identified,Not identified,Disclosed candidate,Review required,Natural Capital,Integrated-Report-for-the-year-ended-30-September-2022.pdf,67
Tiger Brands Limited,2022,Environmental,Water Intensity,30.0,%,Reported,,,South Africa operations - verify,Not identified,Disclosed candidate,Review required,Natural Capital,SR-spread 2022.pdf,17
Astral Foods Limited,2022,Governance,Board Composition,30.0,%,Reported,,,Not identified,Not identified,Disclosed candidate,Review required,Intellectual Capital,Integrated-Report-for-the-year-ended-30-September-2022.pdf,79
Astral Foods Limited,2022,Governance,Board Diversity,52.0,%,Reported,,,Not identified,Not identified,Disclosed candidate,Review required,Intellectual Capital,Integrated-Report-for-the-year-ended-30-September-2022.pdf,26
AVI Limited,2022,Governance,ESG Assurance,50.0,%,Reported,,,South Africa operations - verify,Assurance mentioned - verify,Disclosed candidate,Review required,Social & Relationship Capital,Integrated-Annual-Report-June-2022.pdf,19
Tiger Brands Limited,2022,Governance,Ethics Training,193.0,%,Reported,,,Group / consolidated - verify,Not identified,Disclosed candidate,Review required,Social & Relationship Capital,SR-spread 2022.pdf,36
Astral Foods Limited,2022,Governance,Governance Incidents,49.0,%,Reported,,,Group / consolidated - verify,Not identified,Disclosed candidate,Review required,Social & Relationship Capital,Integrated-Report-for-the-year-ended-30-September-2022.pdf,26
Tiger Brands Limited,2022,Social,Diversity,68.0,%,Reported,,,Not identified,Not identified,Disclosed candidate,Review required,Human Capital,SR-spread 2022.pdf,24
Astral Foods Limited,2022,Social,Employees,64.8,%,Reported,,,Not identified,Not identified,Disclosed candidate,Review required,Human Capital,Integrated-Report-for-the-year-ended-30-September-2022.pdf,11
Tiger Brands Limited,2022,Social,Fatalities,29.0,%,Reported,,,South Africa operations - verify,Not identified,Disclosed candidate,Review required,Human Capital,Integrated Annual Report 2022.pdf,4
Astral Foods Limited,2022,Social,LTIR,9.0,%,Reported,,,Group / consolidated - verify,Not identified,Disclosed candidate,Review required,Human Capital,Integrated-Report-for-the-year-ended-30-September-2022.pdf,80
Astral Foods Limited,2022,Social,Training,64.8,%,Reported,,,Not identified,Not identified,Disclosed candidate,Review required,Human Capital,Integrated-Report-for-the-year-ended-30-September-2022.pdf,11
Tiger Brands Limited,2023,Environmental,Energy Consumption,6.0,%,Reported,1.6e-10,,Not identified,Not identified,Disclosed candidate,Review required,Natural Capital,Integrated Annual Report 2023.pdf,32
Tiger Brands Limited,2023,Environmental,Energy Intensity,11.0,%,Reported,,,Not identified,Not identified,Disclosed candidate,Review required,Natural Capital,sd 2023.pdf,6
Tiger Brands Limited,2023,Environmental,GHG Intensity,3.0,%,Reported,,,Not identified,Not identified,Disclosed candidate,Review required,Natural Capital,sd 2023.pdf,23
Tiger Brands Limited,2023,Environmental,Renewable Energy,157.0,%,Reported,,,Not identified,Not identified,Disclosed candidate,Review required,Natural Capital,Integrated Annual Report 2023.pdf,15
Tiger Brands Limited,2023,Environmental,Scope 1 GHG,19.0,%,Reported,5.08e-10,,South Africa operations - verify,Not identified,Disclosed candidate,Review required,Natural Capital,Integrated Annual Report 2023.pdf,32
Tiger Brands Limited,2023,Environmental,Scope 2 GHG,36.0,%,Reported,9.63e-10,,Not identified,Not identified,Disclosed candidate,Review required,Natural Capital,sd 2023.pdf,40
Tiger Brands Limited,2023,Environmental,Scope 3 GHG,17.0,,Reported,,,Group / consolidated - verify,Not identified,Disclosed candidate,Review required,Natural Capital,sd 2023.pdf,22
Tiger Brands Limited,2023,Environmental,Total GHG,3.0,%,Reported,8e-11,,Not identified,Not identified,Disclosed candidate,Review required,Natural Capital,sd 2023.pdf,23
Tiger Brands Limited,2023,Environmental,Waste,50.0,%,Reported,,,Not identified,Not identified,Disclosed candidate,Review required,Natural Capital,sd 2023.pdf,25
Tiger Brands Limited,2023,Environmental,Water Consumption,45.0,%,Reported,1.204e-09,,Not identified,Not identified,Disclosed candidate,Review required,Natural Capital,sd 2023.pdf,21
Tiger Brands Limited,2023,Environmental,Water Intensity,19.0,%,Reported,,,South Africa operations - verify,Not identified,Disclosed candidate,Review required,Natural Capital,sd 2023.pdf,40
Tiger Brands Limited,2023,Governance,Board Diversity,1011.0,,Reported,,,Group / consolidated - verify,Not identified,Disclosed candidate,Review required,Intellectual Capital,sd 2023.pdf,7
Tiger Brands Limited,2023,Governance,Ethics Training,45.0,%,Reported,,,Group / consolidated - verify,Not identified,Disclosed candidate,Review required,Social & Relationship Capital,sd 2023.pdf,41
Tiger Brands Limited,2023,Governance,Governance Incidents,9.0,%,Reported,,,Group / consolidated - verify,Not identified,Disclosed candidate,Review required,Social & Relationship Capital,Integrated Annual Report 2023.pdf,11
Tiger Brands Limited,2023,Social,Diversity,3.0,%,Reported,,,South Africa operations - verify,Not identified,Disclosed candidate,Review required,Human Capital,Integrated Annual Report 2023.pdf,15
Tiger Brands Limited,2023,Social,Fatalities,2.0,%,Reported,,,South Africa operations - verify,Not identified,Disclosed candidate,Review required,Human Capital,Integrated Annual Report 2023.pdf,4
Tiger Brands Limited,2023,Social,LTIR,360.0,,Reported,,,Group / consolidated - verify,Not identified,Disclosed candidate,Review required,Human Capital,Integrated Annual Report 2023.pdf,30
Tiger Brands Limited,2024,Environmental,Energy Consumption,591.0,%,Reported,1.7645e-08,,South Africa operations - verify,Not identified,Disclosed candidate,Review required,Natural Capital,Integrated annual Report 2024.pdf,16
Tiger Brands Limited,2024,Environmental,Energy Intensity,591.0,%,Reported,,,South Africa operations - verify,Not identified,Disclosed candidate,Review required,Natural Capital,Integrated annual Report 2024.pdf,16
Tiger Brands Limited,2024,Environmental,GHG Intensity,5168.0,%,Reported,,,South Africa operations - verify,Not identified,Disclosed candidate,Review required,Natural Capital,Integrated annual Report 2024.pdf,16
Tiger Brands Limited,2024,Environmental,Renewable Energy,5168.0,%,Reported,,,Not identified,Not identified,Disclosed candidate,Review required,Natural Capital,Integrated annual Report 2024.pdf,16
Tiger Brands Limited,2024,Environmental,Waste,157.0,%,Reported,,,South Africa operations - verify,Not identified,Disclosed candidate,Review required,Natural Capital,Integrated annual Report 2024.pdf,16
Tiger Brands Limited,2024,Environmental,Water Consumption,591.0,%,Reported,1.7645e-08,,South Africa operations - verify,Not identified,Disclosed candidate,Review required,Natural Capital,Integrated annual Report 2024.pdf,16
Tiger Brands Limited,2024,Governance,Board Diversity,564.0,%,Reported,,,South Africa operations - verify,Not identified,Disclosed candidate,Review required,Intellectual Capital,Integrated annual Report 2024.pdf,15
Tiger Brands Limited,2024,Governance,Governance Incidents,85.0,%,Reported,,,South Africa operations - verify,Not identified,Disclosed candidate,Review required,Social & Relationship Capital,Integrated annual Report 2024.pdf,19
Tiger Brands Limited,2024,Social,Diversity,95.0,%,Reported,,,Not identified,Not identified,Disclosed candidate,Review required,Human Capital,Integrated annual Report 2024.pdf,33
Tiger Brands Limited,2024,Social,Fatalities,25.0,%,Reported,,,South Africa operations - verify,Not identified,Disclosed candidate,Review required,Human Capital,Integrated annual Report 2024.pdf,15
