Company,Ticker,Year,Period_Start,Period_End,Revenue,EBITDA,Operating Profit,Profit After Tax,Total Assets,Operating Cash Flow,Operating Margin,EBITDA Margin,ROA,ROE,Currency,Source,Source_Type,Source_Page,Financial_Value_Verified,Revenue YoY %,Profit After Tax YoY %,2021-2025 Revenue Change %,Revenue_ZARm,EBITDA_ZARm,Operating Profit_ZARm,Profit After Tax_ZARm,Total Assets_ZARm,Operating Cash Flow_ZARm,Status
AVI Limited,AVI.JO,2023,,30 June,14919600000.0,3301300000.0,2714800000.0,1836900000.0,10201800000.0,2183400000.0,18.196198289498376,22.12726882758251,18.005646062459565,35.898688659149094,ZAR,yfinance,Secondary machine-readable source,,NO,,,,14919.6,3301.3,2714.8,1836.9,10201.8,2183.4,Reported
AVI Limited,AVI.JO,2024,,30 June,15862300000.0,3843300000.0,3304600000.0,2257700000.0,10309700000.0,2668800000.0,20.83304438826652,24.229147097205324,21.89879433931152,39.02746806340646,ZAR,yfinance,Secondary machine-readable source,,NO,6.318534008954657,22.90816048777833,,15862.3,3843.3,3304.6,2257.7,10309.7,2668.8,Reported
AVI Limited,AVI.JO,2025,,30 June,16021500000.0,3582800000.0,3561900000.0,2429700000.0,10497200000.0,2856600000.0,22.232000748993546,22.36245045719814,23.1461723126167,45.44128373450037,ZAR,yfinance,Secondary machine-readable source,,NO,1.0036375557138657,7.618372680161234,,16021.5,3582.8,3561.9,2429.7,10497.2,2856.6,Reported
Astral Foods Limited,ARL.JO,2022,,30 September,19333850000.0,1773872000.0,1373034000.0,1068397000.0,8438309000.0,1197899000.0,7.101710212916723,9.17495480724222,12.661268981735557,22.323348043577877,ZAR,yfinance,Secondary machine-readable source,,NO,,,,19333.8,1773.9,1373.0,1068.4,8438.3,1197.9,Reported
Astral Foods Limited,ARL.JO,2023,,30 September,19250955000.0,-283993000.0,-760475000.0,-512200000.0,9110719000.0,-970837000.0,-3.950323503431388,-1.475215125691167,-5.621949266572704,-12.7429957683402,ZAR,yfinance,Secondary machine-readable source,,NO,-0.4287557832506228,-147.94098074030532,,19251.0,-284.0,-760.5,-512.2,9110.7,-970.8,Reported
Astral Foods Limited,ARL.JO,2024,,30 September,20479785000.0,1480684000.0,847131000.0,752904000.0,9097786000.0,1394549000.0,4.136425260323778,7.229978244400515,8.275683776250617,15.84273585276876,ZAR,yfinance,Secondary machine-readable source,,NO,6.383215793709973,-246.99414291292464,,20479.8,1480.7,847.1,752.9,9097.8,1394.5,Reported
Astral Foods Limited,ARL.JO,2025,,30 September,22619153000.0,1586398000.0,1179006000.0,876389000.0,9325822000.0,1677272000.0,5.212423294541577,7.01351637702791,9.397445072402196,16.306055327043403,ZAR,yfinance,Secondary machine-readable source,,NO,10.446242477643208,16.401161369842644,,22619.2,1586.4,1179.0,876.4,9325.8,1677.3,Reported
Libstar Holdings Limited,LBR.JO,2022,,31 December,11771605000.0,723166000.0,478610000.0,-5168000.0,9829461000.0,528724000.0,4.065800712816986,6.143308410365451,-0.0525766367046982,-0.0993260893965555,ZAR,yfinance,Secondary machine-readable source,,NO,,,,11771.6,723.2,478.6,-5.2,9829.5,528.7,Reported
Libstar Holdings Limited,LBR.JO,2023,,31 December,11418919000.0,995302000.0,561766000.0,226515000.0,9766076000.0,426250000.0,4.919607539032373,8.71625413929287,2.3194064842419824,4.2776475893700034,ZAR,yfinance,Secondary machine-readable source,,NO,-2.996074027288542,-4483.030185758515,,11418.9,995.3,561.8,226.5,9766.1,426.2,Reported
Libstar Holdings Limited,LBR.JO,2024,,31 December,11396519000.0,607031000.0,512229000.0,-321555000.0,9274515000.0,484958000.0,4.4946092749900215,5.326459772497199,-3.4670815670684667,-6.588834051663197,ZAR,yfinance,Secondary machine-readable source,,NO,-0.1961656790804844,-241.95748625918813,,11396.5,607.0,512.2,-321.6,9274.5,485.0,Reported
Libstar Holdings Limited,LBR.JO,2025,,31 December,12329167000.0,814736000.0,603681000.0,-414000.0,8819157000.0,747980000.0,4.896364855792772,6.608199888930047,-0.0046943262264182,-0.00863027525575,ZAR,yfinance,Secondary machine-readable source,,NO,8.183621683077092,-99.87125064141438,,12329.2,814.7,603.7,-0.4,8819.2,748.0,Reported
RCL Foods Limited,RCL.JO,2022,,30 June,,1322544000.0,523691000.0,,,,,,,,ZAR,yfinance,Secondary machine-readable source,,NO,,,,,1322.5,523.7,,,,NR
RCL Foods Limited,RCL.JO,2023,,30 June,24349141000.0,1914732000.0,422799000.0,616237000.0,25301361000.0,44981000.0,1.7364021178406253,7.8636531777445455,2.43558834641346,5.188278494984417,ZAR,yfinance,Secondary machine-readable source,,NO,,,,24349.1,1914.7,422.8,616.2,25301.4,45.0,Reported
RCL Foods Limited,RCL.JO,2024,,30 June,26016566000.0,2487731000.0,914973000.0,1624394000.0,23694287000.0,2516099000.0,3.5168861255555406,9.5621036227456,6.855635706615691,11.963798842753755,ZAR,yfinance,Secondary machine-readable source,,NO,6.847982850811873,163.59890756316156,,26016.6,2487.7,915.0,1624.4,23694.3,2516.1,Reported
RCL Foods Limited,RCL.JO,2025,,30 June,25547168000.0,2129490000.0,1918008000.0,1418116000.0,18663803000.0,2272835000.0,7.507712792275058,8.335522747570298,7.598215647689808,13.515767932088918,ZAR,yfinance,Secondary machine-readable source,,NO,-1.8042273526798325,-12.698766432281827,,25547.2,2129.5,1918.0,1418.1,18663.8,2272.8,Reported
Tiger Brands Limited,TBS.JO,2022,,30 September,34028900000.0,4819600000.0,3211900000.0,2864500000.0,24077200000.0,646800000.0,9.438741775373286,14.16325535059905,11.897147508846544,18.35170960157346,ZAR,yfinance,Secondary machine-readable source,,NO,,,,34028.9,4819.6,3211.9,2864.5,24077.2,646.8,Reported
Tiger Brands Limited,TBS.JO,2023,,30 September,37388500000.0,4722300000.0,2950300000.0,2697200000.0,26005000000.0,370200000.0,7.890929028979499,12.630354253313184,10.371851567006344,15.55388962574246,ZAR,yfinance,Secondary machine-readable source,,NO,9.872784603675113,-5.840460813405479,,37388.5,4722.3,2950.3,2697.2,26005.0,370.2,Reported
Tiger Brands Limited,TBS.JO,2024,,30 September,33494000000.0,4679000000.0,2744000000.0,2983000000.0,26623000000.0,2954000000.0,8.19251209171792,13.96966620887323,11.204597528452842,16.381109280615046,ZAR,yfinance,Secondary machine-readable source,,NO,-10.416304478649852,10.59617380987692,,33494.0,4679.0,2744.0,2983.0,26623.0,2954.0,Reported
Tiger Brands Limited,TBS.JO,2025,,30 September,34392000000.0,6875000000.0,3675000000.0,3817000000.0,26955000000.0,2280000000.0,10.68562456385206,19.990113979995343,14.160638100537934,22.474093264248705,ZAR,yfinance,Secondary machine-readable source,,NO,2.681077207858129,27.958431109621195,,34392.0,6875.0,3675.0,3817.0,26955.0,2280.0,Reported
