Company,Year,Indicator,Disclosed,Definition Clear,Unit Clear,Consistent,Comparable,Assured,Target Linked,Financial Linked,Total Score
AVI Limited,2021,Board Composition,1,1,0,0,1,0,0,0,3
AVI Limited,2021,ESG Assurance,1,1,0,0,1,1,0,0,4
AVI Limited,2021,Employees,1,1,1,0,1,0,0,1,5
AVI Limited,2023,Energy Consumption,1,1,1,0,0,0,0,1,4
AVI Limited,2023,Energy Intensity,0,1,0,0,0,0,0,0,1
AVI Limited,2023,GHG Intensity,0,1,0,0,0,0,1,0,2
AVI Limited,2023,Recycled Waste,1,1,1,0,0,0,0,1,4
AVI Limited,2023,Scope 1 GHG,1,1,0,0,0,0,1,1,4
AVI Limited,2023,Scope 2 GHG,0,1,0,0,0,0,1,1,3
AVI Limited,2023,Scope 3 GHG,0,1,0,0,0,0,1,0,2
AVI Limited,2023,Waste,1,1,1,0,0,0,0,1,4
AVI Limited,2023,Water Consumption,1,1,0,0,0,0,0,1,3
AVI Limited,2023,Board Composition,1,1,1,0,1,0,0,0,4
AVI Limited,2023,ESG Assurance,1,1,1,0,1,1,0,0,5
AVI Limited,2023,Governance Incidents,1,1,0,0,0,0,0,0,2
AVI Limited,2023,Independent Directors,1,1,0,0,0,0,0,0,2
AVI Limited,2023,Diversity,1,1,1,0,1,0,0,0,4
AVI Limited,2023,Employee Turnover,1,1,0,0,1,0,0,0,3
AVI Limited,2023,Employees,1,1,1,0,0,0,0,1,4
AVI Limited,2023,Fatalities,1,1,0,0,0,0,0,1,3
AVI Limited,2023,Training,1,1,1,0,0,0,0,1,4
AVI Limited,2024,Energy Consumption,1,1,1,0,0,0,0,1,4
AVI Limited,2024,Energy Intensity,0,1,0,0,0,0,0,0,1
AVI Limited,2024,GHG Intensity,0,1,0,0,0,0,1,0,2
AVI Limited,2024,Recycled Waste,1,1,1,0,0,0,0,1,4
AVI Limited,2024,Scope 1 GHG,1,1,0,0,0,0,1,1,4
AVI Limited,2024,Scope 2 GHG,0,1,0,0,0,0,1,1,3
AVI Limited,2024,Scope 3 GHG,0,1,0,0,0,0,1,0,2
AVI Limited,2024,Waste,1,1,1,0,0,0,0,1,4
AVI Limited,2024,Water Consumption,1,1,1,0,0,0,0,1,4
AVI Limited,2024,Board Composition,1,1,1,0,1,0,0,0,4
AVI Limited,2024,ESG Assurance,1,1,1,0,1,1,0,0,5
AVI Limited,2024,Governance Incidents,1,1,0,0,0,0,0,0,2
AVI Limited,2024,Independent Directors,1,1,1,0,0,0,0,0,3
AVI Limited,2024,Diversity,1,1,1,0,0,0,0,0,3
AVI Limited,2024,Employee Turnover,1,1,0,0,1,0,0,0,3
AVI Limited,2024,Employees,1,1,1,0,0,0,0,1,4
AVI Limited,2024,Fatalities,1,1,0,0,0,0,0,1,3
AVI Limited,2024,Training,1,1,1,0,0,0,0,1,4
AVI Limited,2025,Energy Consumption,1,1,1,0,1,0,0,1,5
AVI Limited,2025,Energy Intensity,0,1,0,0,0,0,0,0,1
AVI Limited,2025,GHG Intensity,0,1,0,0,0,0,1,0,2
AVI Limited,2025,Recycled Waste,1,1,1,0,0,0,0,1,4
AVI Limited,2025,Renewable Energy,1,1,1,0,1,0,0,1,5
AVI Limited,2025,Scope 1 GHG,1,1,1,0,0,0,1,1,5
AVI Limited,2025,Scope 2 GHG,0,1,1,0,0,0,1,1,4
AVI Limited,2025,Scope 3 GHG,0,1,1,0,0,0,1,0,3
AVI Limited,2025,Waste,1,1,1,0,0,0,0,1,4
AVI Limited,2025,Water Consumption,1,1,0,0,0,0,0,1,3
AVI Limited,2025,Board Composition,1,1,1,0,1,0,0,0,4
AVI Limited,2025,ESG Assurance,1,1,1,0,1,1,0,0,5
AVI Limited,2025,Governance Incidents,1,1,0,0,0,0,0,0,2
AVI Limited,2025,Independent Directors,1,1,0,0,0,0,0,0,2
AVI Limited,2025,Diversity,1,1,1,0,1,0,0,0,4
AVI Limited,2025,Employee Turnover,1,1,0,0,1,0,0,0,3
AVI Limited,2025,Employees,1,1,1,0,0,0,0,1,4
AVI Limited,2025,Fatalities,1,1,0,0,0,0,0,1,3
AVI Limited,2025,Training,1,1,1,0,0,0,0,1,4
Libstar Holdings Limited,2021,Energy Consumption,1,1,0,0,1,0,0,1,4
Libstar Holdings Limited,2021,Recycled Waste,1,1,0,0,1,0,1,1,5
Libstar Holdings Limited,2021,Scope 1 GHG,1,1,0,0,1,0,0,1,4
Libstar Holdings Limited,2021,Total GHG,1,1,0,0,1,0,0,1,4
Libstar Holdings Limited,2021,Waste,1,1,1,0,0,0,1,1,5
Libstar Holdings Limited,2021,Water Consumption,1,1,0,0,1,0,1,1,5
Libstar Holdings Limited,2021,Water Intensity,1,1,0,0,1,0,1,0,4
Libstar Holdings Limited,2021,Board Composition,1,1,0,0,1,1,0,0,4
Libstar Holdings Limited,2021,ESG Assurance,1,1,0,0,1,1,0,0,4
Libstar Holdings Limited,2021,Governance Incidents,1,1,0,0,1,0,0,0,3
Libstar Holdings Limited,2021,Independent Directors,1,1,1,0,1,0,0,0,4
Libstar Holdings Limited,2021,Diversity,1,1,1,0,0,0,0,0,3
Libstar Holdings Limited,2021,Employees,1,1,1,0,1,0,0,1,5
Libstar Holdings Limited,2021,Fatalities,1,1,0,0,1,1,0,1,5
Libstar Holdings Limited,2021,LTIR,1,1,0,0,1,1,0,1,5
Libstar Holdings Limited,2021,Training,1,1,0,0,1,0,0,1,4
Libstar Holdings Limited,2021,Training Hours,1,1,0,0,1,1,0,0,4
Libstar Holdings Limited,2022,Energy Consumption,1,1,0,0,1,0,0,1,4
Libstar Holdings Limited,2022,Recycled Waste,1,1,1,0,1,0,1,1,6
Libstar Holdings Limited,2022,Renewable Energy,1,1,0,0,1,0,0,1,4
Libstar Holdings Limited,2022,Scope 1 GHG,1,1,1,0,0,0,0,1,4
Libstar Holdings Limited,2022,Scope 3 GHG,1,1,1,0,1,0,0,0,4
Libstar Holdings Limited,2022,Total GHG,1,1,0,0,1,0,0,1,4
Libstar Holdings Limited,2022,Waste,1,1,1,0,0,0,1,1,5
Libstar Holdings Limited,2022,Water Consumption,1,1,1,0,0,0,1,1,5
Libstar Holdings Limited,2022,Board Composition,1,1,1,0,1,0,0,0,4
Libstar Holdings Limited,2022,Board Diversity,1,1,1,0,1,0,0,0,4
Libstar Holdings Limited,2022,ESG Assurance,1,1,0,0,1,1,0,0,4
Libstar Holdings Limited,2022,Governance Incidents,1,1,0,0,0,0,0,0,2
Libstar Holdings Limited,2022,Independent Directors,1,1,1,0,1,0,0,0,4
Libstar Holdings Limited,2022,Diversity,1,1,1,0,1,0,0,0,4
Libstar Holdings Limited,2022,Employees,1,1,1,0,1,0,0,1,5
Libstar Holdings Limited,2022,Fatalities,1,1,0,0,1,1,0,1,5
Libstar Holdings Limited,2022,Training,1,1,1,0,0,0,0,1,4
Libstar Holdings Limited,2022,Training Hours,1,1,0,0,1,0,0,0,3
Libstar Holdings Limited,2023,Energy Consumption,1,1,1,0,1,0,0,1,5
Libstar Holdings Limited,2023,Recycled Waste,1,1,1,0,0,0,1,1,5
Libstar Holdings Limited,2023,Renewable Energy,1,1,1,0,1,0,0,1,5
Libstar Holdings Limited,2023,Scope 1 GHG,1,1,1,0,1,0,0,1,5
Libstar Holdings Limited,2023,Scope 2 GHG,1,1,1,0,1,0,0,1,5
Libstar Holdings Limited,2023,Scope 3 GHG,1,1,1,0,1,0,0,0,4
Libstar Holdings Limited,2023,Total GHG,1,1,0,0,1,0,0,1,4
Libstar Holdings Limited,2023,Waste,1,1,1,0,0,0,1,1,5
Libstar Holdings Limited,2023,Water Consumption,1,1,1,0,1,0,1,1,6
Libstar Holdings Limited,2023,Water Intensity,1,1,0,0,1,0,1,0,4
Libstar Holdings Limited,2023,Board Composition,1,1,1,0,1,0,0,0,4
Libstar Holdings Limited,2023,Board Diversity,1,1,1,0,1,0,0,0,4
Libstar Holdings Limited,2023,ESG Assurance,1,1,1,0,1,1,0,0,5
Libstar Holdings Limited,2023,Governance Incidents,1,1,0,0,1,0,0,0,3
Libstar Holdings Limited,2023,Independent Directors,1,1,1,0,1,0,0,0,4
Libstar Holdings Limited,2023,Diversity,1,1,1,0,1,0,0,0,4
Libstar Holdings Limited,2023,Employees,1,1,1,0,0,0,0,1,4
Libstar Holdings Limited,2023,Fatalities,1,1,1,0,1,0,0,1,5
Libstar Holdings Limited,2023,Training,1,1,1,0,0,0,0,1,4
Libstar Holdings Limited,2024,Energy Consumption,1,1,1,0,1,0,0,1,5
Libstar Holdings Limited,2024,Recycled Waste,1,1,1,0,1,0,1,1,6
Libstar Holdings Limited,2024,Renewable Energy,1,1,1,0,1,0,0,1,5
Libstar Holdings Limited,2024,Scope 1 GHG,1,1,1,0,1,0,0,1,5
Libstar Holdings Limited,2024,Scope 2 GHG,1,1,1,0,0,0,0,1,4
Libstar Holdings Limited,2024,Scope 3 GHG,1,1,1,0,0,0,0,0,3
Libstar Holdings Limited,2024,Total GHG,1,1,1,0,0,0,0,1,4
Libstar Holdings Limited,2024,Waste,1,1,1,0,1,0,1,1,6
Libstar Holdings Limited,2024,Water Consumption,1,1,1,0,1,0,1,1,6
Libstar Holdings Limited,2024,Water Intensity,1,1,0,0,1,0,1,0,4
Libstar Holdings Limited,2024,Board Composition,1,1,1,0,1,0,0,0,4
Libstar Holdings Limited,2024,Board Diversity,1,1,1,0,1,0,0,0,4
Libstar Holdings Limited,2024,ESG Assurance,1,1,0,0,0,1,0,0,3
Libstar Holdings Limited,2024,Governance Incidents,1,1,1,0,1,0,0,0,4
Libstar Holdings Limited,2024,Independent Directors,1,1,1,0,1,0,0,0,4
Libstar Holdings Limited,2024,Diversity,1,1,1,0,1,0,0,0,4
Libstar Holdings Limited,2024,Employees,1,1,1,0,0,0,0,1,4
Libstar Holdings Limited,2024,Fatalities,1,1,0,0,1,0,0,1,4
Libstar Holdings Limited,2024,Training,1,1,1,0,0,0,0,1,4
Libstar Holdings Limited,2025,Energy Consumption,1,1,1,0,1,0,0,1,5
Libstar Holdings Limited,2025,Recycled Waste,1,1,1,0,1,0,1,1,6
Libstar Holdings Limited,2025,Renewable Energy,1,1,1,0,1,0,0,1,5
Libstar Holdings Limited,2025,Scope 1 GHG,1,1,1,0,0,0,0,1,4
Libstar Holdings Limited,2025,Scope 2 GHG,1,1,1,0,1,0,0,1,5
Libstar Holdings Limited,2025,Scope 3 GHG,1,1,1,0,0,0,0,0,3
Libstar Holdings Limited,2025,Total GHG,1,1,1,0,1,0,0,1,5
Libstar Holdings Limited,2025,Waste,1,1,1,0,0,0,1,1,5
Libstar Holdings Limited,2025,Water Consumption,1,1,1,0,0,0,1,1,5
Libstar Holdings Limited,2025,Water Intensity,1,1,1,0,1,0,1,0,5
Libstar Holdings Limited,2025,Board Composition,1,1,1,0,1,0,0,0,4
Libstar Holdings Limited,2025,Board Diversity,1,1,1,0,1,0,0,0,4
Libstar Holdings Limited,2025,ESG Assurance,1,1,1,0,1,1,0,0,5
Libstar Holdings Limited,2025,Governance Incidents,1,1,0,0,1,0,0,0,3
Libstar Holdings Limited,2025,Independent Directors,1,1,1,0,1,0,0,0,4
Libstar Holdings Limited,2025,Diversity,1,1,1,0,1,0,0,0,4
Libstar Holdings Limited,2025,Employees,1,1,1,0,1,1,0,1,6
Libstar Holdings Limited,2025,Fatalities,1,1,0,0,1,0,0,1,4
Libstar Holdings Limited,2025,Training,1,1,1,0,1,0,0,1,5
RCL Foods Limited,2021,Energy Consumption,1,1,1,0,1,0,1,1,6
RCL Foods Limited,2021,Recycled Waste,1,1,1,0,0,0,1,1,5
RCL Foods Limited,2021,Renewable Energy,1,1,1,0,0,0,1,1,5
RCL Foods Limited,2021,Scope 1 GHG,1,1,0,0,0,0,0,1,3
RCL Foods Limited,2021,Scope 2 GHG,1,1,0,0,0,0,0,1,3
RCL Foods Limited,2021,Waste,1,1,1,0,0,0,1,1,5
RCL Foods Limited,2021,Water Consumption,1,1,1,0,0,0,1,1,5
RCL Foods Limited,2021,Board Composition,1,1,1,0,1,0,0,0,4
RCL Foods Limited,2021,ESG Assurance,1,1,0,0,0,1,0,0,3
RCL Foods Limited,2021,Independent Directors,1,1,0,0,0,0,0,0,2
RCL Foods Limited,2021,Diversity,1,1,1,0,0,0,0,0,3
RCL Foods Limited,2021,Employee Turnover,1,1,1,0,0,0,0,0,3
RCL Foods Limited,2021,Employees,1,1,1,0,1,0,0,1,5
RCL Foods Limited,2021,Fatalities,1,1,1,0,0,0,0,1,4
RCL Foods Limited,2021,Training,1,1,1,0,0,0,0,1,4
RCL Foods Limited,2022,Energy Consumption,1,1,1,0,0,0,1,1,5
RCL Foods Limited,2022,Recycled Waste,1,1,1,0,0,0,1,1,5
RCL Foods Limited,2022,Renewable Energy,1,1,1,0,0,0,1,1,5
RCL Foods Limited,2022,Scope 1 GHG,1,1,1,0,0,1,0,1,5
RCL Foods Limited,2022,Scope 2 GHG,1,1,1,0,0,1,0,1,5
RCL Foods Limited,2022,Waste,1,1,1,0,0,0,1,1,5
RCL Foods Limited,2022,Water Consumption,1,1,1,0,1,0,1,1,6
RCL Foods Limited,2022,Board Composition,1,1,1,0,0,0,0,0,3
RCL Foods Limited,2022,Board Diversity,1,1,1,0,0,0,0,0,3
RCL Foods Limited,2022,ESG Assurance,1,1,1,0,0,1,0,0,4
RCL Foods Limited,2022,Ethics Training,1,1,1,0,1,0,0,0,4
RCL Foods Limited,2022,Independent Directors,1,1,0,0,1,0,0,0,3
RCL Foods Limited,2022,Diversity,1,1,1,0,1,0,0,0,4
RCL Foods Limited,2022,Employee Turnover,1,1,0,0,0,0,0,0,2
RCL Foods Limited,2022,Employees,1,1,1,0,0,0,0,1,4
RCL Foods Limited,2022,Fatalities,1,1,0,0,0,0,0,1,3
RCL Foods Limited,2022,LTIR,1,1,0,0,0,0,0,1,3
RCL Foods Limited,2022,Training,1,1,1,0,0,0,0,1,4
RCL Foods Limited,2023,Energy Consumption,1,1,1,0,0,0,1,1,5
RCL Foods Limited,2023,GHG Intensity,1,1,0,0,0,0,0,0,2
RCL Foods Limited,2023,Recycled Waste,1,1,1,0,0,0,1,1,5
RCL Foods Limited,2023,Renewable Energy,1,1,1,0,0,0,1,1,5
RCL Foods Limited,2023,Scope 1 GHG,1,1,0,0,0,0,0,1,3
RCL Foods Limited,2023,Scope 2 GHG,1,1,1,0,0,0,0,1,4
RCL Foods Limited,2023,Scope 3 GHG,1,1,0,0,1,0,0,0,3
RCL Foods Limited,2023,Total GHG,1,1,0,0,0,0,0,1,3
RCL Foods Limited,2023,Waste,1,1,1,0,1,0,1,1,6
RCL Foods Limited,2023,Water Consumption,1,1,1,0,1,0,1,1,6
RCL Foods Limited,2023,Board Composition,1,1,1,0,0,0,0,0,3
RCL Foods Limited,2023,ESG Assurance,1,1,0,0,0,1,0,0,3
RCL Foods Limited,2023,Governance Incidents,1,1,0,0,0,0,0,0,2
RCL Foods Limited,2023,Independent Directors,1,1,0,0,1,0,0,0,3
RCL Foods Limited,2023,Diversity,1,1,1,0,1,0,0,0,4
RCL Foods Limited,2023,Employee Turnover,1,1,1,0,0,0,0,0,3
RCL Foods Limited,2023,Employees,1,1,1,0,0,0,0,1,4
RCL Foods Limited,2023,Fatalities,1,1,0,0,0,0,0,1,3
RCL Foods Limited,2023,LTIR,1,1,0,0,0,0,0,1,3
RCL Foods Limited,2023,Training,1,1,1,0,0,0,0,1,4
RCL Foods Limited,2024,Energy Consumption,1,1,1,0,1,0,1,1,6
RCL Foods Limited,2024,Recycled Waste,1,1,1,0,0,0,1,1,5
RCL Foods Limited,2024,Renewable Energy,1,1,1,0,0,0,1,1,5
RCL Foods Limited,2024,Waste,1,1,1,0,0,0,1,1,5
RCL Foods Limited,2024,Water Consumption,1,1,1,0,1,0,1,1,6
RCL Foods Limited,2024,Board Composition,1,1,1,0,0,0,0,0,3
RCL Foods Limited,2024,ESG Assurance,1,1,0,0,0,1,0,0,3
RCL Foods Limited,2024,Governance Incidents,1,1,1,0,1,0,0,0,4
RCL Foods Limited,2024,Independent Directors,1,1,0,0,1,0,0,0,3
RCL Foods Limited,2024,Diversity,1,1,1,0,0,0,0,0,3
RCL Foods Limited,2024,Employee Turnover,1,1,1,0,0,0,0,0,3
RCL Foods Limited,2024,Employees,1,1,1,0,0,0,0,1,4
RCL Foods Limited,2024,Training,1,1,1,0,1,0,0,1,5
RCL Foods Limited,2025,Energy Consumption,1,1,1,0,0,0,1,1,5
RCL Foods Limited,2025,GHG Intensity,1,1,0,0,0,0,0,0,2
RCL Foods Limited,2025,Recycled Waste,1,1,1,0,0,0,1,1,5
RCL Foods Limited,2025,Renewable Energy,1,1,1,0,0,0,1,1,5
RCL Foods Limited,2025,Scope 1 GHG,1,1,1,0,0,0,0,1,4
RCL Foods Limited,2025,Scope 2 GHG,1,1,1,0,0,0,0,1,4
RCL Foods Limited,2025,Scope 3 GHG,1,1,1,0,1,0,0,0,4
RCL Foods Limited,2025,Total GHG,1,1,0,0,0,0,0,1,3
RCL Foods Limited,2025,Waste,1,1,1,0,0,0,1,1,5
RCL Foods Limited,2025,Water Consumption,1,1,1,0,0,0,1,1,5
RCL Foods Limited,2025,Water Intensity,0,1,1,0,0,0,1,0,3
RCL Foods Limited,2025,Board Composition,1,1,1,0,0,0,0,0,3
RCL Foods Limited,2025,Board Diversity,1,1,1,0,1,0,0,0,4
RCL Foods Limited,2025,ESG Assurance,1,1,0,0,1,1,0,0,4
RCL Foods Limited,2025,Ethics Training,1,1,0,0,1,0,0,0,3
RCL Foods Limited,2025,Governance Incidents,1,1,0,0,1,1,0,0,4
RCL Foods Limited,2025,Independent Directors,1,1,1,0,1,0,0,0,4
RCL Foods Limited,2025,Diversity,1,1,1,0,0,0,0,0,3
RCL Foods Limited,2025,Employee Turnover,1,1,1,0,0,0,0,0,3
RCL Foods Limited,2025,Employees,1,1,1,0,0,0,0,1,4
RCL Foods Limited,2025,Fatalities,1,1,0,0,0,0,0,1,3
RCL Foods Limited,2025,LTIR,1,1,0,0,0,0,0,1,3
RCL Foods Limited,2025,Training,1,1,1,0,0,0,0,1,4
Tiger Brands Limited,2021,Energy Consumption,1,1,1,0,0,0,0,1,4
Tiger Brands Limited,2021,Energy Intensity,1,1,1,0,0,0,0,0,3
Tiger Brands Limited,2021,GHG Intensity,1,1,1,0,0,0,0,0,3
Tiger Brands Limited,2021,Recycled Waste,1,1,1,0,1,0,0,1,5
Tiger Brands Limited,2021,Renewable Energy,1,1,1,0,0,0,0,1,4
Tiger Brands Limited,2021,Scope 1 GHG,1,1,1,0,0,0,0,1,4
Tiger Brands Limited,2021,Scope 2 GHG,1,1,1,0,0,0,0,1,4
Tiger Brands Limited,2021,Scope 3 GHG,1,1,0,0,0,0,0,0,2
Tiger Brands Limited,2021,Total GHG,0,1,1,0,0,0,0,1,3
Tiger Brands Limited,2021,Waste,1,1,1,0,0,0,0,1,4
Tiger Brands Limited,2021,Water Consumption,1,1,1,0,0,0,0,1,4
Tiger Brands Limited,2021,Water Intensity,1,1,1,0,0,0,0,0,3
Tiger Brands Limited,2021,Board Composition,1,1,1,0,1,0,0,0,4
Tiger Brands Limited,2021,Board Diversity,1,1,1,0,1,0,0,0,4
Tiger Brands Limited,2021,ESG Assurance,1,1,1,0,1,1,1,0,6
Tiger Brands Limited,2021,Ethics Training,1,1,0,0,0,0,0,0,2
Tiger Brands Limited,2021,Governance Incidents,1,1,0,0,0,0,0,0,2
Tiger Brands Limited,2021,Independent Directors,1,1,0,0,0,0,0,0,2
Tiger Brands Limited,2021,Diversity,1,1,1,0,1,0,0,0,4
Tiger Brands Limited,2021,Employee Turnover,0,1,1,0,0,0,0,0,2
Tiger Brands Limited,2021,Employees,1,1,1,0,0,0,0,1,4
Tiger Brands Limited,2021,Fatalities,1,1,1,0,0,0,0,1,4
Tiger Brands Limited,2021,LTIR,1,1,0,0,0,0,0,1,3
Tiger Brands Limited,2021,Training,1,1,1,0,0,0,0,1,4
Tiger Brands Limited,2022,Recycled Waste,1,1,0,0,1,0,0,1,4
Tiger Brands Limited,2022,Board Composition,1,1,0,0,0,0,0,0,2
Tiger Brands Limited,2022,ESG Assurance,1,1,1,0,1,1,1,0,6
Tiger Brands Limited,2022,Independent Directors,1,1,0,0,0,0,0,0,2
Tiger Brands Limited,2022,Employee Turnover,1,1,0,0,1,0,0,0,3
Tiger Brands Limited,2022,Employees,1,1,1,0,1,0,0,1,5
Tiger Brands Limited,2022,Training,1,1,0,0,0,1,0,1,4
Tiger Brands Limited,2023,Recycled Waste,1,1,0,0,1,0,0,1,4
Tiger Brands Limited,2023,Board Composition,1,1,0,0,0,0,0,0,2
Tiger Brands Limited,2023,ESG Assurance,1,1,0,0,0,1,1,0,4
Tiger Brands Limited,2023,Independent Directors,1,1,0,0,0,0,0,0,2
Tiger Brands Limited,2023,Employee Turnover,1,1,1,0,1,0,0,0,4
Tiger Brands Limited,2023,Employees,1,1,1,0,1,0,0,1,5
Tiger Brands Limited,2023,Training,1,1,0,0,1,1,0,1,5
Tiger Brands Limited,2024,Recycled Waste,1,1,0,0,1,0,0,1,4
Tiger Brands Limited,2024,Board Composition,1,1,0,0,0,0,0,0,2
Tiger Brands Limited,2024,ESG Assurance,1,1,1,0,1,1,1,0,6
Tiger Brands Limited,2024,Independent Directors,1,1,0,0,0,0,0,0,2
Tiger Brands Limited,2024,Employee Turnover,1,1,0,0,1,0,0,0,3
Tiger Brands Limited,2024,Employees,1,1,1,0,1,0,0,1,5
Tiger Brands Limited,2024,Training,1,1,0,0,0,0,0,1,3
Tiger Brands Limited,2025,Recycled Waste,1,1,0,0,0,0,0,1,3
Tiger Brands Limited,2025,Board Composition,1,1,0,0,1,0,0,0,3
Tiger Brands Limited,2025,ESG Assurance,1,1,1,0,0,1,1,0,5
Tiger Brands Limited,2025,Independent Directors,1,1,0,0,0,0,0,0,2
Tiger Brands Limited,2025,Employees,1,1,1,0,1,0,0,1,5
Tiger Brands Limited,2025,Training,1,1,0,0,1,0,0,1,4
AVI Limited,2021,Recycled Waste,1,1,1,0,0,0,0,1,4
AVI Limited,2021,Scope 1 GHG,0,1,0,0,0,0,1,1,3
AVI Limited,2021,Scope 2 GHG,0,1,0,0,0,0,1,1,3
AVI Limited,2021,Scope 3 GHG,0,1,0,0,0,0,1,0,2
AVI Limited,2021,Waste,1,1,1,0,0,0,0,1,4
AVI Limited,2021,Governance Incidents,0,1,0,0,0,0,0,0,1
AVI Limited,2021,Diversity,1,1,1,0,0,0,0,0,3
AVI Limited,2021,Employee Turnover,0,1,0,0,0,0,0,0,1
AVI Limited,2021,Training,1,1,1,0,0,0,0,1,4
Tiger Brands Limited,2022,Energy Consumption,1,1,1,0,0,0,0,1,4
Tiger Brands Limited,2022,Energy Intensity,1,1,1,0,0,0,0,0,3
Tiger Brands Limited,2022,GHG Intensity,1,1,1,0,1,0,0,0,4
Astral Foods Limited,2022,Recycled Waste,1,1,1,0,0,0,0,1,4
Astral Foods Limited,2022,Renewable Energy,1,1,1,0,1,0,1,1,6
Astral Foods Limited,2022,Scope 1 GHG,1,1,1,0,0,0,0,1,4
Astral Foods Limited,2022,Scope 2 GHG,1,1,1,0,0,0,0,1,4
AVI Limited,2022,Scope 3 GHG,0,1,0,0,0,0,1,0,2
Tiger Brands Limited,2022,Total GHG,1,1,1,0,0,0,0,1,4
Astral Foods Limited,2022,Waste,1,1,1,0,0,0,0,1,4
Astral Foods Limited,2022,Water Consumption,1,1,1,0,0,0,0,1,4
Tiger Brands Limited,2022,Water Intensity,1,1,1,0,0,0,0,0,3
Astral Foods Limited,2022,Board Composition,1,1,1,0,0,0,0,0,3
Astral Foods Limited,2022,Board Diversity,1,1,1,0,0,0,0,0,3
AVI Limited,2022,ESG Assurance,1,1,1,0,0,1,0,0,4
Tiger Brands Limited,2022,Ethics Training,1,1,1,0,1,0,0,0,4
Astral Foods Limited,2022,Governance Incidents,1,1,1,0,1,0,0,0,4
Tiger Brands Limited,2022,Diversity,1,1,1,0,0,0,0,0,3
Astral Foods Limited,2022,Employees,1,1,1,0,0,0,0,1,4
Tiger Brands Limited,2022,Fatalities,1,1,1,0,0,0,0,1,4
Astral Foods Limited,2022,LTIR,1,1,1,0,1,0,0,1,5
Astral Foods Limited,2022,Training,1,1,1,0,0,0,0,1,4
Tiger Brands Limited,2023,Energy Consumption,1,1,1,0,0,0,0,1,4
Tiger Brands Limited,2023,Energy Intensity,1,1,1,0,0,0,0,0,3
Tiger Brands Limited,2023,GHG Intensity,1,1,1,0,0,0,0,0,3
Tiger Brands Limited,2023,Renewable Energy,1,1,1,0,0,0,0,1,4
Tiger Brands Limited,2023,Scope 1 GHG,1,1,1,0,0,0,0,1,4
Tiger Brands Limited,2023,Scope 2 GHG,1,1,1,0,0,0,0,1,4
Tiger Brands Limited,2023,Scope 3 GHG,1,1,0,0,1,0,0,0,3
Tiger Brands Limited,2023,Total GHG,1,1,1,0,0,0,0,1,4
Tiger Brands Limited,2023,Waste,1,1,1,0,0,0,0,1,4
Tiger Brands Limited,2023,Water Consumption,1,1,1,0,0,0,0,1,4
Tiger Brands Limited,2023,Water Intensity,1,1,1,0,0,0,0,0,3
Tiger Brands Limited,2023,Board Diversity,1,1,0,0,1,0,0,0,3
Tiger Brands Limited,2023,Ethics Training,1,1,1,0,1,0,0,0,4
Tiger Brands Limited,2023,Governance Incidents,1,1,1,0,1,0,0,0,4
Tiger Brands Limited,2023,Diversity,1,1,1,0,0,0,0,0,3
Tiger Brands Limited,2023,Fatalities,1,1,1,0,0,0,0,1,4
Tiger Brands Limited,2023,LTIR,1,1,0,0,1,0,0,1,4
Tiger Brands Limited,2024,Energy Consumption,1,1,1,0,0,0,0,1,4
Tiger Brands Limited,2024,Energy Intensity,1,1,1,0,0,0,0,0,3
Tiger Brands Limited,2024,GHG Intensity,1,1,1,0,0,0,0,0,3
Tiger Brands Limited,2024,Renewable Energy,1,1,1,0,0,0,0,1,4
Tiger Brands Limited,2024,Waste,1,1,1,0,0,0,0,1,4
Tiger Brands Limited,2024,Water Consumption,1,1,1,0,0,0,0,1,4
Tiger Brands Limited,2024,Board Diversity,1,1,1,0,0,0,0,0,3
Tiger Brands Limited,2024,Governance Incidents,1,1,1,0,0,0,0,0,3
Tiger Brands Limited,2024,Diversity,1,1,1,0,0,0,0,0,3
Tiger Brands Limited,2024,Fatalities,1,1,1,0,0,0,0,1,4
