Company,Indicator,Target,Baseline_Year,Baseline_Value,Target_Year,Target_Value,Current_Year,Current_Value,Progress,Status,Source,Page
Libstar Holdings Limited,Disabling Injury Frequency Rate (DIFR),Reduce Group DIFR to 1.4,2023.0,1.5,2024.0,1.4,2024,1.1,(1.1-1.5)/0.5 = -80% vs baseline,Achieved,2024-12-31_LBR_Integrated_Report_for_the_year_ended_31_December_2024.pdf,118
Libstar Holdings Limited,Disabling Injury Frequency Rate (DIFR),Reduce Group DIFR to 1.0,2024.0,1.1,2025.0,1.0,2025,1.7,Worsened vs baseline,Not achieved,2025-12-31_LBR_Integrated_Report_for_the_year_ended_31_December_2025.pdf,71
Libstar Holdings Limited,Electricity consumption,0% increase in kWh per unit produced vs 2023 baseline,2023.0,baseline,2024.0,0% increase,2024,>0% increase,Increase recorded,Not achieved,2024-12-31_LBR_Integrated_Report_for_the_year_ended_31_December_2024.pdf,74
Libstar Holdings Limited,Electricity consumption,0% increase in electricity relative to production,2023.0,baseline,2025.0,0% increase,2025,0% increase,Goal achieved,Achieved,2025-12-31_LBR_Integrated_Report_for_the_year_ended_31_December_2025.pdf,70
Libstar Holdings Limited,Water consumption,0% increase in litres per unit produced vs 2023 baseline,2023.0,baseline,2024.0,0% increase,2024,>0% increase,Increase recorded,Not achieved,2024-12-31_LBR_Integrated_Report_for_the_year_ended_31_December_2024.pdf,74
Libstar Holdings Limited,B-BBEE rating,Achieve Level 4 contributor status,2024.0,Level 5,2024.0,Level 4,2024,Level 5,One level below target,Not achieved,2024-12-31_LBR_Integrated_Report_for_the_year_ended_31_December_2024.pdf,118
Libstar Holdings Limited,B-BBEE rating,Achieve Level 4 contributor status,2024.0,Level 5,2025.0,Level 4,2025,Level 5,One level below target,Not achieved,2025-12-31_LBR_Integrated_Report_for_the_year_ended_31_December_2025.pdf,73
Libstar Holdings Limited,Waste (Lancewood),Zero waste to landfill by 2030,2024.0,baseline,2030.0,Zero to landfill,2025,In progress,Cannot be fully calculated from disclosed information,In progress,2025-12-31_LBR_Integrated_Report_for_the_year_ended_31_December_2025.pdf,70
RCL Foods Limited,Energy self-sufficiency,50% electricity self-sufficiency by 2025,2022.0,baseline,2025.0,50% self-generated,2022,145 GWh self-generated of 625.5 GWh (23%),~23% vs 50% target (2022 last disclosed),In progress,2022-RCL Foods Sustainable-Business-Report-1 (1).pdf,36
RCL Foods Limited,Water (Chicken Processing),50% water reduction in Chicken Processing by 2025,2022.0,baseline,2025.0,50% reduction,2022,"Municipal water 5,949 Ml (+0.7% YoY)",Insufficient data disclosed to calculate,In progress,2022-RCL Foods Sustainable-Business-Report-1 (1).pdf,26
RCL Foods Limited,Waste,Zero waste to landfill at operations by 2025,2022.0,baseline,2025.0,Zero to landfill,2022,Diversion initiatives ongoing,Cannot be calculated from disclosed information,In progress,2022-RCL Foods Sustainable-Business-Report-1 (1).pdf,23
RCL Foods Limited,Packaging,"100% of plastic packaging reusable, recyclable or compostable",2022.0,baseline,2025.0,100%,2022,"Recyclable ranges launched (sachets, over-wrap, viennas)",Cannot be calculated from disclosed information,In progress,2022-RCL Foods Sustainable-Business-Report-1 (1).pdf,29
RCL Foods Limited,Water use efficiency (Sugar),30% improvement in raw water use efficiency by 2023,2018.0,baseline,2023.0,30% improvement,2022,+4.7% per year since 2018 (39% of 2031 target),On track per 2022 report,In progress,2022-RCL Foods Sustainable-Business-Report-1 (1).pdf,26
Astral Foods Limited,Energy / GHG,Transition from coal to renewable/clean energy (no quantified group target disclosed),,ND,,ND,2025,Coal still dominant; solar PVT feasibility underway,Cannot be calculated from disclosed information,In progress (qualitative only),AstralIntReport24.pdf,75
AVI Limited,GHG / climate,No quantified emission-reduction target disclosed; carbon tax ~R2.6m p.a. monitored,,ND,,ND,2025,"Total carbon emissions 188,796 t (F25)",Cannot be calculated from disclosed information,ND - no target disclosed,AVI Integrated Annual Report - June 2025.pdf,58
Tiger Brands Limited,ESG targets,No quantified sustainability target disclosed in extracted data,,ND,,ND,2025,ND,ND,ND - no target disclosed,afs Tiger brands-2025.pdf,7
